char_count,word_count,unique_word_count,ttr,root_ttr,brunet_w,avg_word_length,std_word_length,long_words_ratio,sentence_count,avg_sentence_length,std_sentence_length,syllable_count,avg_syllables_per_word,flesch_reading_ease,flesch_kincaid_grade,gunning_fog,coleman_liau,automated_readability,dale_chall,noun_ratio,verb_ratio,adj_ratio,adv_ratio,pronoun_ratio,prep_ratio,conj_ratio,modal_ratio,past_verb_ratio,pres_verb_ratio,filler_count,filler_ratio,repetition_count,repetition_ratio,wpm_text,wps_text,vader_pos,vader_neg,vader_neu,vader_compound,filename,label,tfidf_svd_0,tfidf_svd_1,tfidf_svd_2,tfidf_svd_3,tfidf_svd_4,tfidf_svd_5,tfidf_svd_6,tfidf_svd_7,tfidf_svd_8,tfidf_svd_9,tfidf_svd_10,tfidf_svd_11,tfidf_svd_12,tfidf_svd_13,tfidf_svd_14
534.0,105.0,65.0,0.6190476190476191,6.343350474165466,9.678172753009191,3.9523809523809526,1.8381199110113124,0.09523809523809523,9.0,11.666666666666666,5.120763831912405,120.0,1.1428571428571428,95.8022549019608,2.712352941176473,4.533333333333334,5.186274509803919,4.231078431372552,5.901476470588236,0.17142857142857143,0.19047619047619047,0.10476190476190476,0.047619047619047616,0.0761904761904762,0.14285714285714285,0.06666666666666667,0.009523809523809525,0.01904761904761905,0.14285714285714285,3.0,0.02857142857142857,1.0,0.009523809523809525,104.11781840117175,1.7352969733528623,0.177,0.038,0.785,0.9471,audio_192.wav,3.0,0.2305941544384457,0.059530797525224166,0.025776996749015412,-0.08674233382304976,-0.01325357981611389,-0.03384702030464531,0.04697885856151676,0.051003598861074584,0.006430457573852412,0.09124820857230657,-0.17673867120908293,-0.09316576168067323,0.05368277760917383,-0.186135582011918,0.017401058982522793
583.0,109.0,53.0,0.48623853211009177,5.076479311672102,10.695865484915895,4.26605504587156,2.4406428760361685,0.13761467889908258,6.0,18.166666666666668,10.62099597756988,147.0,1.348623853211009,74.30225535168198,7.4087614678899065,9.46850152905199,7.313761467889908,8.178562691131496,7.4348143730886855,0.24770642201834864,0.14678899082568808,0.05504587155963303,0.08256880733944955,0.045871559633027525,0.11926605504587157,0.05504587155963303,0.01834862385321101,0.0,0.07339449541284404,5.0,0.045871559633027525,0.0,0.0,108.86448639454012,1.8144081065756688,0.209,0.0,0.791,0.9723,audio_436.wav,3.0,0.28207283965077073,0.5109856889432637,-0.04082672712439696,0.08436810265945727,-0.003502229890535365,0.00508033273152023,-0.04548700345017367,-0.015034207137442681,-0.057191140556895094,0.007347338545194957,-0.06518115363256259,-0.04918683458529124,0.007980935314489504,-0.0619006747420737,-0.004916645350401829
745.0,146.0,78.0,0.5342465753424658,6.45532593109847,10.544564413448125,4.013698630136986,2.142160928460507,0.14383561643835616,12.0,12.166666666666666,3.460089915337782,188.0,1.2876712328767124,85.54884703196349,4.3495205479452075,5.414611872146119,5.046575342465751,4.009497716894977,6.835583105022831,0.2945205479452055,0.1917808219178082,0.07534246575342465,0.03424657534246575,0.02054794520547945,0.10273972602739725,0.03424657534246575,0.00684931506849315,0.02054794520547945,0.10273972602739725,1.0,0.00684931506849315,0.0,0.0,145.818486363329,2.4303081060554828,0.235,0.008,0.757,0.9911,audio_447.wav,3.5,0.23033044964742908,-0.028117734912779746,-0.009071174941868196,-0.3013418254461668,-0.16100724197902913,-0.0075811471022058695,-0.13670584617859657,-0.030895657265947757,-0.17581498635836917,-0.06634484148739972,-0.09747126152983424,0.005950792684276668,0.03542247129246636,-0.07749795364934688,-0.06558996474325057
489.0,104.0,52.0,0.5,5.099019513592785,10.525869018290537,3.605769230769231,1.6077831682090502,0.038461538461538464,2.0,52.0,42.0,123.0,1.1826923076923077,53.535315533980594,18.58626213592233,20.6,4.741747572815534,22.016796116504857,8.643715533980583,0.19230769230769232,0.1346153846153846,0.028846153846153848,0.038461538461538464,0.10576923076923077,0.20192307692307693,0.04807692307692308,0.0,0.07692307692307693,0.028846153846153848,1.0,0.009615384615384616,1.0,0.009615384615384616,138.4820239680426,2.30803373280071,0.121,0.0,0.879,0.91,audio_126.wav,2.0,0.09042785681623247,-0.024874757021843448,-0.0197672073377805,-0.06940729363043693,-0.032222766201688145,0.024328313656565147,0.021299617520806495,-0.03526046520465505,0.3078605030652887,0.07161315424254298,-0.05919835647436623,0.025730105043802878,-0.08644786371874712,-0.15966579122719804,-8.444650406706083e-05
372.0,75.0,43.0,0.5733333333333334,4.965212315030781,9.591379406384046,3.72,1.8151951226612892,0.08,4.0,18.75,9.908960591303208,92.0,1.2266666666666666,82.87912162162164,6.295270270270269,9.021621621621623,4.467567567567567,6.850945945945945,6.261127027027027,0.22666666666666666,0.25333333333333335,0.08,0.06666666666666667,0.09333333333333334,0.09333333333333334,0.013333333333333334,0.0,0.05333333333333334,0.16,3.0,0.04,2.0,0.02666666666666667,99.33774834437087,1.6556291390728477,0.385,0.02,0.595,0.9864,audio_61.wav,2.0,0.28444101549777995,0.15522556680365399,-0.10615082031379827,-0.009157939754833993,6.418568298308157e-05,-0.04258588375392488,0.09582830417483634,0.14786829111502783,0.04171374993466124,0.11916402191862507,0.1267699592955448,0.2970791147443527,0.14334640266640472,-0.15963373353157423,-0.047999411000726716
470.0,103.0,60.0,0.5825242718446602,5.911975668985759,9.89302166245846,3.466019417475728,2.2112489726488147,0.0970873786407767,7.0,14.714285714285714,4.164965639175215,127.0,1.233009708737864,82.99030612244898,5.161836734693878,7.2326530612244895,3.2142857142857153,3.496836734693879,6.10324693877551,0.22330097087378642,0.17475728155339806,0.10679611650485436,0.07766990291262135,0.10679611650485436,0.1650485436893204,0.009708737864077669,0.0,0.05825242718446602,0.0970873786407767,0.0,0.0,0.0,0.0,102.87194585906086,1.7145324309843475,0.192,0.012,0.795,0.9656,audio_639.wav,2.5,0.2260869152588494,-0.00844695717782748,-0.12252189074136446,0.0015769801968991588,0.0003475530965912324,-0.022236872945567518,0.10292856010414264,0.010053877254453662,-0.1601894017829663,0.18776666759537325,-0.08995583863835223,0.17098732974646932,-0.0063788598764001146,-0.007949663684881562,0.02550324968404273
384.0,86.0,51.0,0.5930232558139535,5.499471433375359,9.631817728241579,3.255813953488372,2.152262446776717,0.10465116279069768,18.0,4.777777777777778,2.916534388534819,103.0,1.197674418604651,91.18806751054854,1.8488101265822792,3.1193248945147682,-0.8632911392405092,-0.5528691983122371,5.496714008438818,0.10465116279069768,0.18604651162790697,0.22093023255813954,0.1744186046511628,0.023255813953488372,0.08139534883720931,0.0,0.023255813953488372,0.023255813953488372,0.12790697674418605,1.0,0.011627906976744186,1.0,0.011627906976744186,98.92638036809817,1.6487730061349695,0.244,0.021,0.735,0.9652,audio_703.wav,2.0,0.13843073405820616,0.053163017573279875,-0.05085298848736979,0.016372782450871832,0.02260194243388235,0.02889072886863521,0.05763685610060176,-0.018095913891576356,-0.003370779794888332,0.12053229615820174,-0.08828679846265006,-0.0023353944632980607,0.06331455877888204,0.09750884058974181,-0.012810944874782236
783.0,135.0,82.0,0.6074074074074074,7.0574363197557375,9.96149132740828,4.644444444444445,2.744601884822795,0.2962962962962963,14.0,9.642857142857142,4.560813568669878,215.0,1.5925925925925926,61.56128205128206,7.252592592592595,8.598290598290598,8.287407407407407,6.405196581196584,7.894391737891738,0.25925925925925924,0.23703703703703705,0.07407407407407407,0.06666666666666667,0.07407407407407407,0.1111111111111111,0.06666666666666667,0.0,0.0,0.17777777777777778,4.0,0.02962962962962963,0.0,0.0,134.83216204828364,2.2472027008047273,0.177,0.022,0.8,0.9726,audio_509.wav,3.0,0.17804339018276097,0.04127040113717948,-0.051882886993099904,-0.10139111611105135,-0.008791086847236767,-0.08125662251717446,0.07028681848852139,-0.003078980865039332,-0.027569894549354886,-0.023509672408932106,-0.07602477903518522,-0.03116860744653429,-0.06935099484055093,-0.011394944882963052,-0.055555747453191286
588.0,116.0,69.0,0.5948275862068966,6.4064891671082895,9.922181497493357,3.9827586206896552,2.025623610323879,0.10344827586206896,8.0,14.5,7.615773105863909,150.0,1.293103448275862,82.72094827586209,5.323620689655176,7.524137931034483,5.258620689655174,5.025431034482757,7.350355172413793,0.25,0.1810344827586207,0.06896551724137931,0.0603448275862069,0.06896551724137931,0.09482758620689655,0.034482758620689655,0.017241379310344827,0.008620689655172414,0.1206896551724138,0.0,0.0,0.0,0.0,115.85578368593261,1.9309297280988769,0.114,0.009,0.878,0.9006,audio_672.wav,4.0,0.2257531387865558,0.2592011862750483,-0.035252034823365426,0.0489849541285966,0.05415902965309781,-0.012964735480447197,0.08714215272468459,0.1092884036655827,0.05098925387663265,0.0665787332091011,0.08703511831189578,0.2740541359984457,0.17313828923462793,-0.07811275600028984,-0.0432832565314907
575.0,104.0,63.0,0.6057692307692307,6.177658256852798,9.751441048511264,4.461538461538462,2.7418518339417868,0.23076923076923078,6.0,17.333333333333332,9.213516640723503,159.0,1.5288461538461537,58.81471682847899,9.320533980582525,12.69190938511327,8.603883495145631,8.78275080906149,8.16718996763754,0.22115384615384615,0.25,0.11538461538461539,0.028846153846153848,0.0673076923076923,0.10576923076923077,0.009615384615384616,0.0,0.009615384615384616,0.20192307692307693,0.0,0.0,0.0,0.0,103.87070261497406,1.7311783769162343,0.204,0.029,0.767,0.9515,audio_344.wav,4.0,0.28853360686762686,-0.10266961578572928,-0.09318955946513383,0.06500002878344079,0.2796477240558482,-0.12183922672503664,-0.07963679942753968,-0.21091128909283033,-0.04646770193776485,-0.09862154146069411,0.1213747869051649,0.06374410318938138,0.039449346044744,0.09272662649065008,-0.03345732574918905
705.0,127.0,85.0,0.6692913385826772,7.542530330036968,9.545912217379826,4.456692913385827,2.6643044490141126,0.1889763779527559,5.0,25.4,25.152335875619983,179.0,1.4094488188976377,61.81462992125985,10.947496062992126,13.624566929133858,8.883464566929135,12.743149606299212,8.501930551181102,0.2125984251968504,0.2204724409448819,0.03937007874015748,0.03937007874015748,0.11023622047244094,0.14960629921259844,0.03937007874015748,0.023622047244094488,0.015748031496062992,0.10236220472440945,0.0,0.0,0.0,0.0,126.84210800097794,2.1140351333496326,0.148,0.067,0.785,0.8979,audio_592.wav,5.0,0.16056522914722063,0.011505902447447485,-0.03896895710828123,-0.1152856351135874,0.03726869178601596,0.06818932282393092,-0.02407124944876113,-0.024258235447972128,-0.01507083679085443,0.450614184379019,0.2735096335529125,-0.1379202884331765,0.05482172284676813,-0.11709199064258735,-0.011905708497604358
563.0,112.0,63.0,0.5625,5.952940449895329,10.112320423682688,3.857142857142857,2.2073624486232064,0.10714285714285714,7.0,16.0,9.16515138991168,151.0,1.3482142857142858,76.53607142857143,6.558928571428574,8.9,4.876785714285713,5.578214285714285,8.377600000000001,0.29464285714285715,0.16964285714285715,0.08928571428571429,0.026785714285714284,0.044642857142857144,0.08035714285714286,0.0625,0.0,0.008928571428571428,0.125,4.0,0.03571428571428571,0.0,0.0,111.86075666227977,1.8643459443713293,0.231,0.028,0.74,0.9779,audio_705.wav,3.0,0.2776525042179504,0.021601333566383493,-0.021589564522851983,-0.22945799304370432,-0.05193969005958263,-0.2259296259620237,0.21616425975123632,0.2837329179272141,-0.11215206332368337,-0.0926954543604733,0.2494953813933133,-0.04743209659153762,0.17097477023367388,-0.04308135980108255,0.06139745281446998
458.0,76.0,55.0,0.7236842105263158,6.308932681440448,8.791605793080176,4.921052631578948,2.8086481009775244,0.2894736842105263,4.0,19.0,5.385164807134504,127.0,1.6710526315789473,42.86560810810812,11.876351351351353,14.427027027027027,11.913513513513514,12.324729729729732,10.315316216216218,0.3157894736842105,0.18421052631578946,0.10526315789473684,0.013157894736842105,0.05263157894736842,0.07894736842105263,0.05263157894736842,0.0,0.0,0.07894736842105263,0.0,0.0,0.0,0.0,75.90551344940413,1.2650918908234021,0.182,0.062,0.756,0.8591,audio_497.wav,2.0,0.10151991496389347,-0.06343342430107639,-0.017456950860685883,0.0026048655191795674,0.2145486740059511,-0.10914640377608399,-0.02359541639149696,-0.1459788300811141,0.013383619506516446,-0.0431403691140952,0.05701964581526301,0.06078197367592586,0.049313675896733515,0.053228276769743725,-0.043066623165790796
498.0,103.0,68.0,0.6601941747572816,6.700239091517194,9.421725736585032,3.737864077669903,2.2206496252727823,0.1262135922330097,6.0,17.166666666666668,6.938219432166216,135.0,1.3106796116504855,75.70833333333336,6.840000000000003,8.666666666666668,4.754000000000001,5.696233333333332,6.989566666666667,0.14563106796116504,0.2912621359223301,0.0970873786407767,0.0970873786407767,0.10679611650485436,0.08737864077669903,0.04854368932038835,0.019417475728155338,0.02912621359223301,0.17475728155339806,0.0,0.0,0.0,0.0,102.87194585906086,1.7145324309843475,0.124,0.06,0.817,0.851,audio_702.wav,3.0,0.21631822782675042,-0.055159136021368356,-0.08072072888141082,-0.10113619109150786,0.0016942665663795236,-0.08043656464969388,0.025591809239013823,-0.04335607350556483,-0.12442019113221822,0.055014749881048604,-0.07086199343328153,0.0487408950959521,-0.0268469388263126,0.1316703607920268,-0.10006471293674676
655.0,135.0,72.0,0.5333333333333333,6.196773353931867,10.49319296564852,3.859259259259259,2.248169503834135,0.15555555555555556,1.0,135.0,0.0,177.0,1.3111111111111111,-40.92276119402982,52.2565671641791,55.98805970149254,6.529850746268657,63.917910447761194,12.286108955223881,0.2,0.24444444444444444,0.1259259259259259,0.08148148148148149,0.037037037037037035,0.11851851851851852,0.044444444444444446,0.007407407407407408,0.1111111111111111,0.1037037037037037,1.0,0.007407407407407408,1.0,0.007407407407407408,134.83216204828364,2.2472027008047273,0.147,0.053,0.8,0.9393,audio_598.wav,2.0,0.15825787466367006,-0.09149880099598937,-0.12407393798296128,0.053159503969266324,-0.07884317053038764,0.027083134183855093,-0.022765409251529357,-0.009591521955072856,0.09071883513971692,-0.030228893199971338,-0.057670212201706754,-6.235780757112054e-05,-0.07474555515713716,0.15113610000029568,-0.3062746363892911
366.0,79.0,48.0,0.6075949367088608,5.400421924444915,9.44220787031936,3.569620253164557,1.681496803851248,0.06329113924050633,2.0,39.5,20.5,94.0,1.1898734177215189,65.29615384615386,13.840512820512824,16.112820512820516,4.410256410256409,15.521153846153844,2.5417076923076922,0.13924050632911392,0.22784810126582278,0.0759493670886076,0.05063291139240506,0.13924050632911392,0.08860759493670886,0.02531645569620253,0.012658227848101266,0.02531645569620253,0.06329113924050633,1.0,0.012658227848101266,0.0,0.0,105.1930758988016,1.7532179316466932,0.146,0.0,0.854,0.8519,audio_99.wav,3.5,0.24295760295185062,-0.0263724638492528,-0.0666129742974754,0.08662147031065316,0.3064989532377659,-0.1504431180455874,-0.08998156035993253,-0.2628000816617095,0.0073819433262124695,-0.14648853570894807,0.13061773755988468,-0.004573080737469359,-0.0026793084859603913,0.045376540394812634,-0.043561227613393025
258.0,53.0,35.0,0.660377358490566,4.807619738204116,8.619139919122459,3.811320754716981,2.371661337731422,0.11320754716981132,3.0,17.666666666666668,1.699673171197595,67.0,1.2641509433962264,81.95616352201259,6.216981132075471,8.576100628930819,4.630188679245283,5.710125786163523,6.300313836477987,0.3018867924528302,0.16981132075471697,0.07547169811320754,0.018867924528301886,0.05660377358490566,0.1509433962264151,0.07547169811320754,0.0,0.09433962264150944,0.07547169811320754,0.0,0.0,0.0,0.0,119.82478451321181,1.9970797418868635,0.304,0.0,0.696,0.9719,audio_194.wav,4.0,0.2691087285885252,-0.08600516674605022,-0.1884956516119162,0.15871295951594191,-0.10344609785822978,0.00944469974131215,-0.015520586200067169,0.0380973672621047,-0.040589192301382054,0.014090533840964111,-0.018461628313946397,0.01105489060281168,-0.06430975621236137,0.14616165752510427,-0.1027778003441416
87.0,23.0,21.0,0.9130434782608695,4.37880269519857,6.406477077927462,2.739130434782609,1.358304291462027,0.0,2.0,11.5,0.5,23.0,1.0,103.52035714285715,1.4288095238095266,4.2,-1.2190476190476183,-1.152857142857144,1.272704761904762,0.21739130434782608,0.30434782608695654,0.043478260869565216,0.043478260869565216,0.08695652173913043,0.08695652173913043,0.043478260869565216,0.0,0.0,0.13043478260869565,0.0,0.0,0.0,0.0,22.969374167776298,0.3828229027962716,0.0,0.0,1.0,0.0,audio_5055.wav,0.0,0.13352680551188878,-0.021081249324482527,-0.018611148379658146,-0.10228425164531445,-0.008351936374409615,0.06998386145504107,0.09119245020817772,-0.06735428839137804,0.07246531091838056,0.04213973384590279,-0.12633484770144618,-0.00812854823081267,0.0685360503696043,0.05070716687927046,0.057748008865446045
510.0,100.0,55.0,0.55,5.5,10.090052652236851,3.86,2.1448543074064497,0.09,17.0,5.882352941176471,3.160088474956069,146.0,1.46,75.79105113636365,4.2251452020202045,6.111363636363637,2.030303030303031,1.2649621212121218,7.452288888888889,0.23,0.23,0.12,0.07,0.05,0.08,0.02,0.02,0.02,0.16,3.0,0.03,0.0,0.0,99.87567559132121,1.664594593188687,0.198,0.019,0.783,0.9615,audio_178.wav,3.0,0.22935470371888572,-0.022659799836370304,0.0063838858823124746,-0.26428103400006003,-0.09779880295388362,0.07694713320307663,-0.16951089534045885,-0.16503869278225478,-0.07479125020417948,-0.02622866697867583,0.028174025315041908,0.07528765140968567,0.08716456965219355,-0.13313626324618427,-0.014209804059125229
477.0,104.0,67.0,0.6442307692307693,6.569890527129165,9.520326124520272,3.5288461538461537,1.9263193818644782,0.08653846153846154,5.0,20.8,8.158431221748456,129.0,1.2403846153846154,77.40100000000002,7.432000000000002,8.4,4.006,6.373799999999999,6.6812000000000005,0.19230769230769232,0.23076923076923078,0.125,0.04807692307692308,0.0673076923076923,0.08653846153846154,0.04807692307692308,0.0,0.028846153846153848,0.17307692307692307,1.0,0.009615384615384616,1.0,0.009615384615384616,135.73091997667126,2.2621819996111876,0.244,0.0,0.756,0.9824,audio_609.wav,5.0,0.36099573985221084,-0.17391580267942738,-0.1973178664752848,0.13637971465551205,-0.17481062210860357,0.020995591590278542,0.02114669695861018,0.1072119391401001,0.00010380026990932864,-0.012623837989504168,-0.00887162269286869,0.009802314554799178,0.10145972851042596,0.09107140119298782,-0.010346317787900603
490.0,98.0,58.0,0.5918367346938775,5.858884758402822,9.78139369908622,3.9591836734693877,2.2173636089796642,0.1326530612244898,3.0,32.666666666666664,11.14550233153366,125.0,1.2755102040816326,61.660322580645186,12.36021505376344,14.12043010752688,7.443010752688174,14.226774193548387,7.551089247311828,0.19387755102040816,0.24489795918367346,0.061224489795918366,0.02040816326530612,0.05102040816326531,0.1326530612244898,0.030612244897959183,0.04081632653061224,0.05102040816326531,0.09183673469387756,0.0,0.0,1.0,0.01020408163265306,147.14714714714714,2.4524524524524525,0.179,0.021,0.8,0.9413,audio_77.wav,4.0,0.2574998838469824,0.2786476920470686,-0.08499693071193823,0.07358463479195429,0.0816402919296457,0.0814720853279433,-0.026115770389757625,-0.0681392954242149,0.06100602223269781,-0.07311801136982117,-0.008589959998604856,-0.09301675065888428,-0.09821455101011195,0.11771619997930619,-0.0761121242004822
527.0,102.0,60.0,0.5882352941176471,5.940885257860046,9.845409341317122,4.078431372549019,1.791517455764772,0.16666666666666666,7.0,14.571428571428571,2.498979383505129,128.0,1.2549019607843137,84.04700000000001,5.085428571428572,6.514285714285714,6.256,5.871657142857142,5.924071428571429,0.18627450980392157,0.19607843137254902,0.06862745098039216,0.0392156862745098,0.14705882352941177,0.13725490196078433,0.00980392156862745,0.0,0.1568627450980392,0.00980392156862745,0.0,0.0,0.0,0.0,135.96374300186616,2.266062383364436,0.078,0.019,0.903,0.7381,audio_18.wav,4.0,0.1008221551922728,-0.02375894425687902,-0.011641787184437596,-0.052601413947678394,0.0659022307717186,0.27086434465132786,0.20087771323547954,-0.056739518909359785,-0.09755579310635717,-0.04926898186404297,0.020906700707942677,-0.00726505926104538,-0.03906505494710672,-0.04665412924338628,-0.0627989796754359
431.0,78.0,44.0,0.5641025641025641,4.98201895023622,9.70265392421763,4.3076923076923075,2.4088921398067784,0.19230769230769232,7.0,11.142857142857142,5.248906591678239,122.0,1.564102564102564,63.201923076923094,7.2121245421245455,9.585347985347985,6.825641025641023,5.5175824175824175,8.845211355311356,0.2564102564102564,0.15384615384615385,0.15384615384615385,0.02564102564102564,0.038461538461538464,0.16666666666666666,0.01282051282051282,0.0,0.0641025641025641,0.08974358974358974,0.0,0.0,0.0,0.0,103.86151797603196,1.7310252996005326,0.092,0.0,0.908,0.8268,audio_9.wav,4.0,0.06400007875042067,-0.01767738026542743,-0.017896994361351677,-0.02398759030527554,0.00912842782394041,0.0028642582256444876,0.014385960511227104,-0.011693899917878694,0.07784026576461199,-0.005041233516373518,-0.020795657424494213,0.04992211010254209,-0.003081516977112477,-0.036578714824690765,-0.01339992052390835
316.0,62.0,41.0,0.6612903225806451,5.2070052070078106,8.837134344275293,3.967741935483871,2.355280559518943,0.08064516129032258,5.0,12.4,2.8000000000000003,81.0,1.3064516129032258,80.44500000000001,5.02,6.133333333333334,5.513333333333332,4.744499999999999,6.0738666666666665,0.12903225806451613,0.1935483870967742,0.06451612903225806,0.12903225806451613,0.14516129032258066,0.11290322580645161,0.04838709677419355,0.0,0.0967741935483871,0.08064516129032258,0.0,0.0,0.0,0.0,86.59217877094973,1.4432029795158285,0.287,0.0,0.713,0.9755,audio_138.wav,2.0,0.1404304937280151,-0.04101051675268504,0.03180464768987829,-0.09518704192301655,-0.041941607474704025,0.06371991207380542,-0.06744109698449534,-0.08920698439281372,0.3380546644244501,0.04633935373339267,-0.024337916173443722,0.06106146665479524,-0.07198085638810178,-0.20220943100589378,-0.07184146710057583
552.0,107.0,60.0,0.5607476635514018,5.800418934273981,10.081173146325545,3.925233644859813,2.5346235488125504,0.18691588785046728,12.0,8.916666666666666,5.392252672945593,142.0,1.3271028037383177,81.48990695792881,4.025461165048547,5.375080906148868,4.401941747572817,3.4393365695792895,7.434854692556635,0.2616822429906542,0.3177570093457944,0.06542056074766354,0.009345794392523364,0.14953271028037382,0.056074766355140186,0.009345794392523364,0.009345794392523364,0.028037383177570093,0.2616822429906542,1.0,0.009345794392523364,2.0,0.018691588785046728,106.85752330226364,1.7809587217043943,0.271,0.016,0.713,0.9857,audio_269.wav,4.0,0.3030453447911467,-0.005756156085699111,0.020031361809663965,-0.18774591880852762,-0.0077867671181179494,-0.0831776942090448,0.08553807459910834,0.17516023312071297,0.005072280447707791,0.0018928061629897102,0.15762002704049,0.19564843274603064,-0.17673312651802475,0.12996778832036676,0.0030686091611092136
527.0,103.0,66.0,0.6407766990291263,6.503173235884335,9.531147676267336,4.019417475728155,2.538941689638405,0.1650485436893204,6.0,17.166666666666668,9.02619644270067,141.0,1.3689320388349515,68.5362585034014,7.757551020408165,9.798639455782315,6.889795918367348,7.40299319727891,7.830204761904762,0.2815533980582524,0.1941747572815534,0.06796116504854369,0.08737864077669903,0.10679611650485436,0.14563106796116504,0.02912621359223301,0.0,0.08737864077669903,0.0970873786407767,1.0,0.009708737864077669,0.0,0.0,102.87194585906086,1.7145324309843475,0.069,0.0,0.931,0.7184,audio_717.wav,4.5,0.3591283366193031,-0.21636271988840156,-0.2685183228872367,0.2484415680607335,-0.03602060734628609,0.03136082671063131,-0.0018052556453484548,-0.003920460271102629,-0.23706612351880543,0.1215638524282196,-0.07835747964857857,-0.02178969590887848,-0.03450039393464404,-0.10155874391783395,0.043344860372484216
633.0,136.0,84.0,0.6176470588235294,7.20294057598537,9.901269507790609,3.6323529411764706,2.158460860705431,0.09558823529411764,2.0,68.0,24.0,168.0,1.2352941176470589,31.1907558139535,24.932441860465122,26.42015503875969,5.951937984496126,29.258372093023254,9.03895581395349,0.17647058823529413,0.23529411764705882,0.11764705882352941,0.058823529411764705,0.08823529411764706,0.125,0.051470588235294115,0.022058823529411766,0.007352941176470588,0.15441176470588236,3.0,0.022058823529411766,0.0,0.0,135.83091880419687,2.2638486467366143,0.225,0.007,0.768,0.9863,audio_529.wav,3.0,0.20464103473950002,-0.03918619658835575,-0.06864046298490745,0.0027236843960522445,0.026085907925054084,-0.10840347447049756,0.05568595007851269,-0.013756945118735585,-0.10326018149861642,0.03957582449320789,-0.014048609862379165,-0.018993219937812094,-0.06931021797422579,0.041145589497099525,-0.032334956019824515
898.0,161.0,86.0,0.5341614906832298,6.777749493656265,10.61043072884803,4.484472049689441,2.8154533411689715,0.2236024844720497,7.0,23.0,13.522468075656265,242.0,1.5031055900621118,56.32726708074536,11.116645962732921,14.417391304347825,8.922981366459627,11.659937888198762,9.288728571428573,0.2795031055900621,0.17391304347826086,0.08695652173913043,0.006211180124223602,0.062111801242236024,0.13664596273291926,0.08074534161490683,0.0,0.018633540372670808,0.09316770186335403,1.0,0.006211180124223602,0.0,0.0,160.79983770202716,2.679997295033786,0.217,0.0,0.783,0.9875,audio_578.wav,4.0,0.19384868841186967,-0.12873718392025033,-0.13679918954571654,0.053799736246105095,0.3206945189940962,-0.20477432766050044,-0.04259614575546264,-0.21914205034545287,-0.12691489676037174,-0.037817373572934916,0.08681971984087411,0.048755398776862184,-0.11978032852675195,-0.06970793541132286,0.07426788169218804
446.0,93.0,61.0,0.6559139784946236,6.325405337855594,9.346149338417128,3.78494623655914,1.848274186972207,0.08602150537634409,1.0,93.0,0.0,112.0,1.2043010752688172,10.34692307692309,34.42307692307692,38.597802197802196,6.309890109890112,42.495934065934065,10.579330769230769,0.17204301075268819,0.17204301075268819,0.043010752688172046,0.07526881720430108,0.1827956989247312,0.08602150537634409,0.043010752688172046,0.053763440860215055,0.021505376344086023,0.08602150537634409,1.0,0.010752688172043012,1.0,0.010752688172043012,92.87616511318241,1.547936085219707,0.15,0.043,0.807,0.8753,audio_171.wav,2.0,0.20743273805171775,0.13715651126095454,-0.04238036986485022,-0.017966280712694606,0.007974654674816162,-0.04980319923736516,0.08961618912830964,0.09811208172992755,-0.04952984866051316,0.11887544074530655,-0.037422600468392,0.17794227619643366,-0.11581605824099105,-0.1558485333383368,0.05761112786950032
733.0,125.0,87.0,0.696,7.781516561699267,9.390916679510878,4.832,2.348568925963213,0.224,5.0,25.0,12.790621564255586,183.0,1.464,56.80977419354841,11.496516129032258,13.468387096774194,11.258064516129036,14.140161290322581,9.578112258064516,0.312,0.128,0.088,0.064,0.008,0.168,0.048,0.0,0.016,0.096,1.0,0.008,0.0,0.0,124.84459448915152,2.0807432414858584,0.309,0.0,0.691,0.9922,audio_596.wav,3.0,0.24131137265637193,0.4768519348564978,-0.035832954185971495,0.09307517145087267,-0.0012647680922829134,0.06678678104119702,-0.11269837900230051,-0.08288851727300083,0.02955416815053193,-0.05947569304859053,0.08013710046120621,-0.03935163782142978,-0.1404416269624638,0.006604492659274941,0.006323937802236843
1.0,0.0,0.0,0.0,0.0,0.0,0.0,0.0,0.0,1.0,0.0,0.0,0.0,0.0,0.0,0.0,0.0,0.0,0.0,0.0,0.0,0.0,0.0,0.0,0.0,0.0,0.0,0.0,0.0,0.0,0.0,0.0,0.0,0.0,0.0,0.0,0.0,0.0,1.0,0.0,audio_5066.wav,0.0,0.0,0.0,0.0,0.0,0.0,0.0,0.0,0.0,0.0,0.0,0.0,0.0,0.0,0.0,0.0
684.0,137.0,53.0,0.38686131386861317,4.528095585898833,12.00534972171604,3.9562043795620436,2.0285142998752406,0.0948905109489051,7.0,19.571428571428573,11.623340346747423,176.0,1.2846715328467153,78.28678832116789,7.201981230448386,8.412513034410846,5.633576642335765,7.195714285714288,6.451330448383733,0.23357664233576642,0.23357664233576642,0.10218978102189781,0.058394160583941604,0.08759124087591241,0.0948905109489051,0.043795620437956206,0.029197080291970802,0.029197080291970802,0.12408759124087591,1.0,0.0072992700729927005,0.0,0.0,136.82967556011008,2.280494592668501,0.242,0.021,0.737,0.9892,audio_501.wav,3.0,0.21008177916075896,-0.04456361402546961,0.0919793662441539,-0.16105025441041196,-0.012515453028493839,-0.035192163634089585,-0.02454621924738262,0.056003433427537753,-0.07340480868526442,-0.08790456924864067,0.12435705863253733,0.01961217876729013,-0.04149876656392948,-0.06123360128258628,0.07722606756029424
486.0,96.0,50.0,0.5208333333333334,5.103103630798288,10.266922002548716,3.9375,2.0351724947368304,0.15625,6.0,16.0,6.164414002968976,125.0,1.3020833333333333,80.43875000000001,6.014583333333334,7.65,5.1875,5.7534375,6.239370833333334,0.19791666666666666,0.11458333333333333,0.10416666666666667,0.08333333333333333,0.09375,0.10416666666666667,0.07291666666666667,0.052083333333333336,0.0,0.052083333333333336,3.0,0.03125,0.0,0.0,127.82956058588549,2.1304926764314245,0.067,0.0,0.933,0.6908,audio_8.wav,2.0,0.22473847290690815,-0.02674488545599871,0.1464963157532343,-0.03683048983024863,0.07575056483311929,0.17187065587608438,0.1276218046381726,0.06845163722969738,-0.028429242531238914,-0.005195087144306556,0.0045423617157596035,0.0803672157299418,0.005829423104599685,0.05916522874650895,0.08144919876347288
431.0,90.0,54.0,0.6,5.692099788303083,9.638875104083482,3.6666666666666665,2.304584802325814,0.12222222222222222,11.0,8.181818181818182,2.289032420366213,119.0,1.3222222222222222,85.50587334014301,3.342982635342185,5.034116445352401,2.0471910112359595,0.7674770173646586,5.989382124616956,0.2111111111111111,0.24444444444444444,0.1111111111111111,0.05555555555555555,0.08888888888888889,0.08888888888888889,0.011111111111111112,0.044444444444444446,0.011111111111111112,0.13333333333333333,2.0,0.022222222222222223,1.0,0.011111111111111112,119.84021304926765,1.9973368841544605,0.333,0.024,0.643,0.9857,audio_84.wav,2.5,0.23303179617538744,-0.09533178260161436,-0.013056834378948253,0.019753066041217706,0.2664163703281044,-0.07954845632944695,-0.06394738131976506,-0.03155992439299936,0.007831430123162841,0.01806425867120986,0.03523976455188293,0.07303449595910924,-0.11918184874143939,0.0500786241912875,-0.027883058284783917
386.0,74.0,37.0,0.5,4.301162633521313,10.103213595818769,4.175675675675675,2.107631616281381,0.16216216216216217,3.0,24.666666666666668,5.436502143433363,90.0,1.2162162162162162,74.3802380952381,8.681428571428572,11.61904761904762,8.53428571428572,11.566238095238091,7.2751190476190475,0.22972972972972974,0.1891891891891892,0.02702702702702703,0.04054054054054054,0.12162162162162163,0.13513513513513514,0.06756756756756757,0.04054054054054054,0.013513513513513514,0.12162162162162163,0.0,0.0,0.0,0.0,104.07876230661041,1.734646038443507,0.066,0.0,0.934,0.5859,audio_11.wav,3.0,0.08447178547266478,-0.015937024323539682,0.013784604983469652,-0.09056022447391908,0.10237288781474778,0.37271782584157975,0.261713586619089,-0.07407059603513791,-0.05738335874378859,-0.14273881102901603,0.02255542919818484,-0.05080149408397683,-0.04544949287106559,-0.014340166147941551,-0.017298809803532003
222.0,38.0,25.0,0.6578947368421053,4.055535528269064,8.093533084639391,4.657894736842105,2.1554864610237083,0.13157894736842105,3.0,12.666666666666666,3.2998316455372216,55.0,1.4473684210526316,71.53096491228072,6.428947368421053,8.22456140350877,8.878947368421052,7.833596491228068,6.757924561403509,0.39473684210526316,0.10526315789473684,0.02631578947368421,0.05263157894736842,0.05263157894736842,0.15789473684210525,0.05263157894736842,0.0,0.0,0.10526315789473684,1.0,0.02631578947368421,0.0,0.0,37.949400798934754,0.6324900133155792,0.063,0.0,0.937,0.3612,audio_142.wav,2.5,0.24398186953931492,-0.09700939938881017,0.5366553524026687,0.15172632459723093,-0.04776344044648426,-0.05417684055116852,0.035804741522418,-0.008576986060552077,0.009970042917718955,-0.03648782875942843,0.007921692244344847,0.05225521655503898,0.01401635415172467,0.04837801315380978,-0.03355496392641016
576.0,115.0,70.0,0.6086956521739131,6.527533657682197,9.82501095891687,3.9043478260869566,1.9245503734344234,0.11304347826086956,11.0,10.454545454545455,6.035706426435576,149.0,1.2956521739130435,82.09045454545456,4.293636363636363,4.7272727272727275,4.914545454545454,3.5660909090909065,7.146954545454546,0.23478260869565218,0.23478260869565218,0.06086956521739131,0.02608695652173913,0.06086956521739131,0.12173913043478261,0.043478260869565216,0.008695652173913044,0.017391304347826087,0.1565217391304348,1.0,0.008695652173913044,0.0,0.0,149.73958333333334,2.4956597222222223,0.013,0.011,0.976,0.0644,audio_610.wav,5.0,0.28637992546047114,-0.09128311481684881,0.44690453983859835,0.15140122226625538,-0.024908828322026483,0.038881594511370035,0.040016927026742734,0.006491497513978161,0.029020680787836425,0.06727402393059215,0.0025547705315751203,-0.04282492156877243,-0.10860811865297564,0.08427960215149935,0.13281190772900434
543.0,98.0,65.0,0.6632653061224489,6.56599153958937,9.35792210957535,4.387755102040816,2.1506176287110987,0.16326530612244897,5.0,19.6,12.322337440599492,135.0,1.3775510204081634,68.37825000000002,8.49175,9.346666666666668,8.6375,10.149999999999999,8.042882500000001,0.32653061224489793,0.14285714285714285,0.07142857142857142,0.09183673469387756,0.04081632653061224,0.10204081632653061,0.061224489795918366,0.030612244897959183,0.0,0.08163265306122448,6.0,0.061224489795918366,0.0,0.0,97.8781620794948,1.6313027013249133,0.042,0.0,0.958,0.4767,audio_654.wav,3.0,0.27112733478389905,-0.06615293904590619,0.4156002376714569,0.10057480227642078,-0.04943173197449175,-0.08112484611710384,0.020029744647419356,-0.06306628473822243,-0.06266545451248529,0.001121724909288073,-0.05563591318927716,-0.029036340974066183,-0.0019128566856939126,-0.04787898733524978,0.08448971391407292
779.0,162.0,77.0,0.47530864197530864,6.049691350151574,11.135147412654337,3.7037037037037037,1.9080365736875937,0.09259259259259259,10.0,16.2,8.158431221748456,203.0,1.2530864197530864,80.91253846153847,5.849128205128206,7.7784615384615385,4.610256410256412,5.210000000000001,5.726093333333333,0.15432098765432098,0.2037037037037037,0.1111111111111111,0.1111111111111111,0.09259259259259259,0.1419753086419753,0.024691358024691357,0.006172839506172839,0.024691358024691357,0.1419753086419753,3.0,0.018518518518518517,0.0,0.0,161.7842876165113,2.6964047936085223,0.113,0.032,0.855,0.8916,audio_170.wav,2.5,0.2760687593172558,-0.08701012601701076,-0.15946415567812894,0.021071040084664552,0.17447649787042638,-0.11096007773348794,0.018437672190671054,-0.17727763824662948,-0.04239216750485975,0.15827474046263815,-0.1783984251855194,-0.0709383501152211,0.04301700321410414,0.05278209787178585,0.007866574850327605
539.0,98.0,69.0,0.7040816326530612,6.970052557410254,9.146497348623896,4.510204081632653,2.4835988451553144,0.23469387755102042,1.0,98.0,0.0,147.0,1.5,-19.828247422680363,40.122474226804115,41.68659793814433,10.323711340206188,48.58061855670103,13.331205154639175,0.23469387755102042,0.12244897959183673,0.12244897959183673,0.02040816326530612,0.09183673469387756,0.12244897959183673,0.11224489795918367,0.01020408163265306,0.030612244897959183,0.07142857142857142,1.0,0.01020408163265306,0.0,0.0,97.86950732356857,1.6311584553928096,0.321,0.0,0.679,0.9884,audio_255.wav,4.5,0.20641849546990165,-0.05265559945057683,-0.0789361197502501,-0.06827450371018211,-0.011153717310219856,-0.03798931716397287,-0.013216505360430841,-0.046578916342961865,-0.013510857158176562,-0.016671504740298302,-0.04378914024027038,-0.0852326059112037,-0.02340976196840762,0.055498555559060254,0.010922000022235803
495.0,96.0,59.0,0.6145833333333334,6.02166228434198,9.617276308150352,4.09375,2.5498289362556594,0.15625,5.0,19.2,7.678541528180987,117.0,1.21875,81.5237419354839,6.509161290322581,8.730322580645163,7.118279569892476,8.280000000000001,6.766264301075269,0.25,0.1875,0.07291666666666667,0.07291666666666667,0.0625,0.11458333333333333,0.0625,0.0625,0.010416666666666666,0.08333333333333333,3.0,0.03125,0.0,0.0,95.8721704394141,1.5978695073235687,0.299,0.0,0.701,0.9871,audio_162.wav,3.0,0.35938621048742014,0.6312399158008437,-0.07270235537470758,0.08257127767797309,-0.05666861527227141,0.020747196023102057,-0.10337150960398717,-0.11482236186730925,0.010995504030292261,-0.0792896203499744,-0.0037196641736963265,-0.04668189876963743,-0.11383529972385778,0.06536219153934628,-0.02617546320018197
1.0,0.0,0.0,0.0,0.0,0.0,0.0,0.0,0.0,1.0,0.0,0.0,0.0,0.0,0.0,0.0,0.0,0.0,0.0,0.0,0.0,0.0,0.0,0.0,0.0,0.0,0.0,0.0,0.0,0.0,0.0,0.0,0.0,0.0,0.0,0.0,0.0,0.0,1.0,0.0,audio_5069.wav,0.0,0.0,0.0,0.0,0.0,0.0,0.0,0.0,0.0,0.0,0.0,0.0,0.0,0.0,0.0,0.0
541.0,104.0,55.0,0.5288461538461539,5.393193716300061,10.290660751800688,4.125,2.3274594105359405,0.1346153846153846,7.0,14.857142857142858,11.076726842845787,136.0,1.3076923076923077,81.12423076923078,5.6350549450549465,7.865934065934066,6.132692307692306,5.834917582417582,6.195337362637362,0.23076923076923078,0.19230769230769232,0.009615384615384616,0.04807692307692308,0.10576923076923077,0.1346153846153846,0.019230769230769232,0.028846153846153848,0.0,0.11538461538461539,0.0,0.0,0.0,0.0,103.87070261497406,1.7311783769162343,0.065,0.0,0.935,0.7152,audio_769.wav,3.0,0.33346180010836257,-0.12352420449785588,0.4337612626035758,0.13235612822619286,0.07383807446324439,0.031185563216697337,0.012869962783709804,0.09915079372053738,0.09078008816472158,0.003657470229961687,0.1327846339458071,0.10725011086336868,0.07297970996989049,0.1465049063111605,-0.0741812613342561
664.0,133.0,77.0,0.5789473684210527,6.676746765335723,10.14180701660036,3.9022556390977443,2.3002604025655566,0.13533834586466165,8.0,16.625,5.998697775350913,177.0,1.330827067669173,74.38905523255816,6.889447674418605,8.31046511627907,5.699224806201549,6.202732558139537,6.884362015503876,0.23308270676691728,0.23308270676691728,0.022556390977443608,0.06766917293233082,0.09022556390977443,0.13533834586466165,0.045112781954887216,0.03007518796992481,0.022556390977443608,0.12030075187969924,3.0,0.022556390977443608,0.0,0.0,132.97631359414103,2.216271893235684,0.072,0.025,0.903,0.5187,audio_720.wav,3.0,0.18026939618121718,-0.06418434040913741,0.02981506012149467,-0.04440711921747886,0.33336594497969374,-0.00770705584628081,-0.1784629954336028,0.0689827540013494,-0.08450651906172142,-0.010024582640379538,-0.09373289692614623,0.006789368439433934,0.028613486188432836,-0.13567854344767927,-0.18526889367292274
534.0,105.0,61.0,0.580952380952381,5.952990444986052,9.922509317757894,3.9904761904761905,1.929693970779221,0.09523809523809523,5.0,21.0,8.78635305459552,135.0,1.2857142857142858,73.25279207920795,8.060277227722775,8.872079207920791,6.7960396039603985,8.9090099009901,7.296142772277228,0.22857142857142856,0.20952380952380953,0.08571428571428572,0.06666666666666667,0.047619047619047616,0.11428571428571428,0.009523809523809525,0.05714285714285714,0.0,0.09523809523809523,6.0,0.05714285714285714,0.0,0.0,104.86945937088728,1.7478243228481212,0.222,0.015,0.763,0.9697,audio_623.wav,3.0,0.28965271885400373,-0.014055914499124734,0.02513523597783996,-0.3312742270591637,-0.23401201921395257,-0.03162749929040717,-0.11967739882720926,-0.09511214149303418,-0.18656045984859826,0.03391771591026915,-0.18990152669443885,0.07430098353240944,0.06592367645974355,0.14264462109393652,0.002061700484056697
517.0,101.0,59.0,0.5841584158415841,5.8707194222389365,9.862505208400597,4.02970297029703,2.3481842386627263,0.16831683168316833,9.0,11.222222222222221,4.46661138716484,146.0,1.4455445544554455,67.34583333333336,6.515833333333333,8.433333333333334,6.014583333333334,4.607708333333331,7.290670833333333,0.2376237623762376,0.1782178217821782,0.06930693069306931,0.07920792079207921,0.0594059405940594,0.1188118811881188,0.04950495049504951,0.009900990099009901,0.019801980198019802,0.1485148514851485,4.0,0.039603960396039604,0.0,0.0,100.87443234723443,1.6812405391205738,0.039,0.019,0.942,0.2348,audio_718.wav,4.5,0.31904918695672824,-0.14340406613011716,0.3231257103333087,0.13595237177005584,-0.03503401529262951,0.027470171728905726,-0.015070070032440904,0.07178866694749723,0.09538765631164489,0.04109039183706456,0.11039243867241917,0.021097398087769434,0.15867466552848788,0.1138352614583021,0.10232398455994716
365.0,67.0,55.0,0.8208955223880597,6.719319439596787,8.252627653812878,4.2835820895522385,2.0933866737058793,0.1044776119402985,5.0,13.4,2.870540018881465,80.0,1.1940298507462686,89.51692307692309,4.003076923076925,5.815384615384616,7.532307692307693,6.880923076923079,6.953453846153846,0.3283582089552239,0.14925373134328357,0.07462686567164178,0.05970149253731343,0.07462686567164178,0.07462686567164178,0.05970149253731343,0.014925373134328358,0.0,0.13432835820895522,1.0,0.014925373134328358,0.0,0.0,89.21438082556591,1.486906347092765,0.193,0.029,0.778,0.9081,audio_136.wav,3.5,0.3132881458427831,0.40407480771367077,-0.0011532554819530644,-0.00103006734143093,-0.026269112332487576,0.009636657301051184,-0.07405648598951894,-0.03670252917327466,0.01909938668330488,-0.052098247467210375,0.12159820421363425,0.015627598371478587,-0.0658155178702818,0.01500315784269481,-0.05830937393498565
406.0,76.0,50.0,0.6578947368421053,5.735393346764043,9.113227234030093,4.2894736842105265,1.985578196803961,0.17105263157894737,4.0,19.0,5.477225575051661,108.0,1.4210526315789473,67.32894736842107,8.588421052631581,10.23157894736842,7.52105263157895,8.58328947368421,7.487584210526316,0.27631578947368424,0.21052631578947367,0.10526315789473684,0.039473684210526314,0.013157894736842105,0.07894736842105263,0.06578947368421052,0.013157894736842105,0.039473684210526314,0.13157894736842105,0.0,0.0,0.0,0.0,101.19840213049268,1.6866400355082112,0.092,0.019,0.889,0.7896,audio_119.wav,2.0,0.15918287710676404,-0.03508155606802834,0.1307363711858297,-0.1249313415403209,0.14728654325489507,0.4176575474009436,0.22202966693783957,-0.10488585824063874,-0.033280760893399354,-0.06796993182569862,0.13811101243936183,0.050903948138056244,-0.005133152295717299,0.022459271545325725,-0.017664327507261175
538.0,109.0,62.0,0.5688073394495413,5.938522968371139,10.042042024810158,3.8623853211009176,2.0563970001363674,0.1559633027522936,6.0,18.166666666666668,6.039223643997813,139.0,1.275229357798165,80.51142966360858,6.542706422018352,9.101529051987768,4.9724770642201825,6.234067278287462,7.145089602446483,0.22935779816513763,0.1743119266055046,0.08256880733944955,0.045871559633027525,0.10091743119266056,0.13761467889908258,0.09174311926605505,0.009174311926605505,0.09174311926605505,0.07339449541284404,1.0,0.009174311926605505,0.0,0.0,108.86448639454012,1.8144081065756688,0.275,0.016,0.709,0.9887,audio_542.wav,3.0,0.35732828527114546,-0.17229794833125553,-0.2230340343390568,0.15417017727039775,-0.15552941909705376,0.07532079429133884,0.00860874327603232,0.019838656570609764,0.23905125054642734,-0.030356094132137565,-0.006667045689555713,0.004708762632967038,0.007363990924570657,-0.11611094867181447,0.023632605672085506
1.0,0.0,0.0,0.0,0.0,0.0,0.0,0.0,0.0,1.0,0.0,0.0,0.0,0.0,0.0,0.0,0.0,0.0,0.0,0.0,0.0,0.0,0.0,0.0,0.0,0.0,0.0,0.0,0.0,0.0,0.0,0.0,0.0,0.0,0.0,0.0,0.0,0.0,1.0,0.0,audio_5073.wav,0.0,0.0,0.0,0.0,0.0,0.0,0.0,0.0,0.0,0.0,0.0,0.0,0.0,0.0,0.0,0.0
511.0,103.0,60.0,0.5825242718446602,5.911975668985759,9.89302166245846,3.9223300970873787,2.013012621263466,0.1262135922330097,4.0,25.75,8.257572282456872,128.0,1.2427184466019416,74.78779411764708,9.162843137254903,11.376470588235295,6.0117647058823565,10.252352941176472,6.913750980392157,0.24271844660194175,0.17475728155339806,0.019417475728155338,0.04854368932038835,0.05825242718446602,0.11650485436893204,0.07766990291262135,0.019417475728155338,0.019417475728155338,0.08737864077669903,0.0,0.0,0.0,0.0,102.87194585906086,1.7145324309843475,0.049,0.0,0.951,0.4848,audio_322.wav,4.0,0.3477076909628648,-0.14531418626250941,0.32302410176782914,0.168305533707559,0.05758401977520622,0.03967359859630326,-0.009270602126546469,0.11991029725175331,0.07188403634912459,-0.025614539317201285,0.15059410850028188,0.06782814018880651,0.08433540359208752,0.0714462713902162,-0.10002712651567601
0.0,0.0,0.0,0.0,0.0,0.0,0.0,0.0,0.0,0.0,0.0,0.0,0.0,0.0,0.0,0.0,0.0,0.0,0.0,0.0,0.0,0.0,0.0,0.0,0.0,0.0,0.0,0.0,0.0,0.0,0.0,0.0,0.0,0.0,0.0,0.0,0.0,0.0,0.0,0.0,audio_5039.wav,0.0,0.0,0.0,0.0,0.0,0.0,0.0,0.0,0.0,0.0,0.0,0.0,0.0,0.0,0.0,0.0
524.0,98.0,62.0,0.6326530612244898,6.262945776223707,9.530262137189993,4.183673469387755,1.99154815574293,0.07142857142857142,4.0,24.5,29.124731758421397,133.0,1.3571428571428572,58.864047619047625,13.164285714285715,15.107482993197278,7.795918367346939,15.42547619047619,7.995848299319728,0.2857142857142857,0.1836734693877551,0.061224489795918366,0.05102040816326531,0.07142857142857142,0.10204081632653061,0.061224489795918366,0.08163265306122448,0.01020408163265306,0.061224489795918366,1.0,0.01020408163265306,0.0,0.0,97.8781620794948,1.6313027013249133,0.073,0.0,0.927,0.7574,audio_707.wav,3.0,0.3143375071004785,-0.09125429007038133,0.499534770978472,0.07385164987395341,-0.04027187529775741,0.0012825965279678435,-0.058441320616100884,-0.03396758449602161,-0.044090406157594624,-0.030628248112625062,-0.05201339824110708,-0.006555625056131913,-0.0247516814201165,-0.02687051564218655,-0.023540157579174274
755.0,133.0,73.0,0.5488721804511278,6.329902777526075,10.360708253663466,4.616541353383458,2.7982857386903084,0.24812030075187969,4.0,33.25,11.121488209767612,196.0,1.4736842105263157,47.01665076335878,14.83746183206107,17.374809160305343,10.480916030534353,17.416374045801525,8.876930534351146,0.2857142857142857,0.12030075187969924,0.06766917293233082,0.06015037593984962,0.05263157894736842,0.15789473684210525,0.06766917293233082,0.015037593984962405,0.007518796992481203,0.09022556390977443,1.0,0.007518796992481203,0.0,0.0,132.82290279627162,2.2137150466045274,0.072,0.0,0.928,0.8316,audio_148.wav,3.5,0.3006589683185151,0.6743216367535225,-0.039362590970239,0.15505658714196496,-0.0042823135983301305,0.07443307075047136,-0.10635725219107556,-0.09254690446037556,-0.007139544965411141,-0.04482969271699537,0.02309200566948939,-0.07056531053592817,-0.05569466884168096,0.0460141172515399,-0.015946110198581293
508.0,89.0,51.0,0.5730337078651685,5.405989188032437,9.801233436456537,4.584269662921348,2.054367716305619,0.1797752808988764,5.0,17.8,7.4404300950953095,128.0,1.4382022471910112,67.09608988764046,8.322786516853935,8.917752808988764,9.12584269662921,9.696966292134832,7.890278876404494,0.24719101123595505,0.2247191011235955,0.0449438202247191,0.0898876404494382,0.07865168539325842,0.07865168539325842,0.033707865168539325,0.0,0.0449438202247191,0.1797752808988764,2.0,0.02247191011235955,0.0,0.0,88.88935127627589,1.4814891879379313,0.122,0.0,0.878,0.8957,audio_316.wav,2.0,0.18229865974653836,-0.08931948966415686,0.413263893541583,0.13269232076682166,-0.08059352735612167,-0.0585313362036736,0.01259036749069107,-0.05426627758579574,0.07462500755070016,0.008912400625511808,0.0251783092798624,-0.024272044701095702,-0.0713852243599409,-0.002635864443079749,-0.023713155777660547
650.0,122.0,70.0,0.5737704918032787,6.337502222976297,10.108590991304537,4.262295081967213,2.6420411839796643,0.16393442622950818,5.0,24.4,10.892199043352083,178.0,1.459016393442623,58.63621311475411,11.14239344262295,13.038688524590164,7.708196721311477,11.192868852459021,7.046985901639345,0.21311475409836064,0.1885245901639344,0.08196721311475409,0.04918032786885246,0.09016393442622951,0.13114754098360656,0.06557377049180328,0.02459016393442623,0.01639344262295082,0.09836065573770492,0.0,0.0,0.0,0.0,121.84832422141189,2.030805403690198,0.258,0.044,0.698,0.9871,audio_647.wav,4.5,0.24313017750648322,-0.14672743751480946,-0.12939869107788227,0.01313598154898284,0.3209421571744546,-0.14368743796786693,-0.03179480341675898,-0.23897353011889283,0.03996210221166757,-0.0663846007969412,-0.026843950572220745,-0.06953532432411452,0.07217573400285948,0.08718006015016269,-0.003091788535556461
674.0,134.0,73.0,0.5447761194029851,6.306239506743929,10.39787859580079,3.888059701492537,2.173999848141511,0.12686567164179105,13.0,10.307692307692308,6.461538461538462,174.0,1.2985074626865671,76.68027859237537,5.364428152492668,7.412316715542523,5.943548387096772,5.135476539589444,6.74240146627566,0.14925373134328357,0.2462686567164179,0.08208955223880597,0.1044776119402985,0.17164179104477612,0.07462686567164178,0.029850746268656716,0.022388059701492536,0.014925373134328358,0.1791044776119403,4.0,0.029850746268656716,0.0,0.0,133.83340529237043,2.2305567548728407,0.228,0.0,0.772,0.9882,audio_286.wav,5.0,0.24281680846056536,-0.01952640306683953,0.004140644918425674,-0.35877028210717715,-0.1858270333438785,0.08264557999352476,-0.2150716004831283,-0.19600482631638405,-0.10652340824181192,-0.009039121160732673,-0.053507919964111535,0.02548352558031437,0.05160219619358903,-0.06281683168989277,0.0337217289381706
523.0,97.0,50.0,0.5154639175257731,5.076730825668095,10.321352546680151,4.34020618556701,2.3633219584172185,0.25773195876288657,4.0,24.25,7.189401922274203,144.0,1.4845360824742269,56.629497422680416,11.385025773195878,14.648453608247422,8.152577319587628,11.428711340206185,8.90888762886598,0.23711340206185566,0.20618556701030927,0.05154639175257732,0.05154639175257732,0.1134020618556701,0.10309278350515463,0.08247422680412371,0.0,0.061855670103092786,0.10309278350515463,1.0,0.010309278350515464,1.0,0.010309278350515464,140.57971014492756,2.342995169082126,0.257,0.0,0.743,0.9794,audio_92.wav,4.0,0.3024716731902307,-0.18355730604845868,-0.20868087116902284,0.09696507581926557,-0.11094727314229759,0.02214284680461162,-0.11103014857573533,-0.047342016798612455,-0.09291784125027784,-0.08892631606848263,0.09858811806279187,0.00296289023675809,-0.1269772624299314,0.04664386903601555,-0.122574794454758
528.0,92.0,60.0,0.6521739130434783,6.255432421712244,9.355661437970847,4.630434782608695,2.403427766411004,0.21739130434782608,6.0,15.333333333333334,5.9907335852038095,137.0,1.4891304347826086,65.29123188405799,7.961739130434783,9.611594202898551,9.126086956521736,8.609166666666667,10.06083768115942,0.33695652173913043,0.11956521739130435,0.05434782608695652,0.021739130434782608,0.043478260869565216,0.18478260869565216,0.043478260869565216,0.0,0.0,0.09782608695652174,0.0,0.0,0.0,0.0,91.88562154401552,1.531427025733592,0.111,0.045,0.844,0.6868,audio_462.wav,3.5,0.21813091795457676,-0.06690033646619924,0.510812035841553,0.19156787163107702,-0.11150991043103187,-0.10009197953867262,0.014872705948024872,-0.11829658958102517,-0.024279627760563617,-0.0350196366180968,-0.02580921444603413,-0.009646791200818811,-0.0661401366941649,-0.05412282038796898,-0.0052952857184656345
532.0,102.0,77.0,0.7549019607843137,7.624136080920392,8.94371971796144,4.127450980392157,2.0420653166343627,0.13725490196078433,7.0,14.571428571428571,7.798482322260675,135.0,1.3235294117647058,80.07441176470591,5.710504201680674,7.005042016806724,6.107843137254907,5.757773109243697,7.300517366946779,0.24509803921568626,0.22549019607843138,0.13725490196078433,0.0392156862745098,0.049019607843137254,0.09803921568627451,0.049019607843137254,0.00980392156862745,0.13725490196078433,0.049019607843137254,0.0,0.0,0.0,0.0,133.49238267271056,2.2248730445451756,0.268,0.0,0.732,0.9869,audio_376.wav,5.0,0.26013523785363696,-0.05971619784129816,-0.03323247127144818,-0.26858173164582816,-0.18985304963201766,0.046292860673876425,-0.18402912557214232,-0.010218856229906804,0.07124740715341174,-0.004606193229638486,-0.1250137596880182,0.04457400777524627,-0.06763115251392096,-0.009656226513801401,-0.13216461877821695
441.0,81.0,54.0,0.6666666666666666,6.0,9.140836242463713,4.296296296296297,1.9144959975289015,0.09876543209876543,3.0,27.0,10.614455552060438,106.0,1.308641975308642,68.7188888888889,10.38197530864198,12.281481481481482,8.022222222222226,13.061481481481486,8.679527160493826,0.24691358024691357,0.14814814814814814,0.1111111111111111,0.08641975308641975,0.037037037037037035,0.09876543209876543,0.07407407407407407,0.037037037037037035,0.04938271604938271,0.06172839506172839,3.0,0.037037037037037035,0.0,0.0,107.85619174434088,1.7976031957390146,0.091,0.045,0.864,0.2492,audio_76.wav,4.0,0.2513710350327549,0.42495408812870356,-0.05160428941040183,0.07469537968445056,-0.004296491458856131,-0.007280059505369715,0.016717665341387244,-0.02791977714932744,-0.028183761030297627,-0.02776414469175073,-0.04891724412952789,-0.23939635894577854,-0.02195715665524772,0.06246465756720406,0.016626172976276204
355.0,69.0,35.0,0.5072463768115942,4.213504858001922,9.94541351415055,4.028985507246377,1.6415882596688836,0.028985507246376812,4.0,17.25,7.084313657652377,91.0,1.318840579710145,76.36529411764708,6.831176470588236,8.564705882352943,6.170588235294115,7.018235294117648,5.408523529411765,0.2753623188405797,0.17391304347826086,0.043478260869565216,0.07246376811594203,0.028985507246376812,0.13043478260869565,0.0,0.028985507246376812,0.043478260869565216,0.057971014492753624,0.0,0.0,1.0,0.014492753623188406,91.87749667110519,1.5312916111850865,0.069,0.028,0.902,0.4523,audio_105.wav,2.0,0.2648552301885434,-0.13950489680766928,0.570719602858,0.14665864382583482,0.02817860234927519,-0.009120402054243042,-0.016144661271653444,0.00504872244616864,0.02338013176172084,-0.04008402747415368,0.03921594225978743,0.035998504373832806,-0.09889451737304544,0.04899841949647031,-0.06258573313744567
484.0,94.0,57.0,0.6063829787234043,5.879101103675122,9.645819602101957,3.9893617021276597,2.146222217139172,0.09574468085106383,10.0,9.4,3.7735924528226414,119.0,1.2659574468085106,88.0687391304348,3.26104347826087,5.419130434782609,4.876086956521743,3.289891304347826,6.838906956521739,0.19148936170212766,0.2127659574468085,0.07446808510638298,0.0851063829787234,0.05319148936170213,0.10638297872340426,0.05319148936170213,0.0425531914893617,0.0,0.1595744680851064,0.0,0.0,0.0,0.0,93.68352534095757,1.5613920890159596,0.144,0.0,0.856,0.9419,audio_355.wav,3.0,0.24345192449372557,0.34954862629291583,-0.05097058065753309,0.08235222565453719,-0.028561225088204925,0.04808901433041159,-0.033515823570787126,-0.09693007481238573,-0.09024475866809127,0.047648235932963225,-0.0982633229482868,-0.08292287442743991,-0.09627330800468083,0.020738930739767816,-0.027220905206406326
431.0,83.0,49.0,0.5903614457831325,5.378448739494827,9.607378301154823,4.036144578313253,1.9228855270612049,0.0963855421686747,5.0,16.6,5.499090833947008,117.0,1.4096385542168675,70.73057831325303,7.517734939759038,8.085783132530121,5.826506024096382,6.674698795180724,5.981787710843374,0.18072289156626506,0.21686746987951808,0.08433734939759036,0.12048192771084337,0.14457831325301204,0.08433734939759036,0.060240963855421686,0.024096385542168676,0.012048192771084338,0.13253012048192772,1.0,0.012048192771084338,0.0,0.0,82.89681074079661,1.3816135123466102,0.417,0.0,0.583,0.9927,audio_663.wav,3.0,0.11531126831538639,0.03028589940825475,-0.020754299816474225,-0.06106410212401252,-0.016384503213402284,-0.05225436043880678,0.0546986042876711,0.05244086256545635,0.06388038761406097,-0.08081824659689722,0.10830554888708156,0.03971947250345535,0.013170444211266088,0.03455175720630526,0.04695790263298057
590.0,118.0,63.0,0.5338983050847458,5.7996200927594375,10.374431146687893,3.9152542372881354,2.215416979485018,0.16101694915254236,6.0,19.666666666666668,13.767917618708921,156.0,1.3220338983050848,71.78157894736843,7.967368421052633,9.35438596491228,6.147368421052633,7.777631578947368,6.6565315789473685,0.19491525423728814,0.19491525423728814,0.11864406779661017,0.03389830508474576,0.11864406779661017,0.1271186440677966,0.0423728813559322,0.0,0.11864406779661017,0.059322033898305086,0.0,0.0,0.0,0.0,117.85329719775903,1.9642216199626505,0.138,0.0,0.862,0.9192,audio_767.wav,4.5,0.27181789645701254,-0.15174305199895294,-0.21257924960637917,0.1772236065319926,-0.11323658371802178,0.018740644218365736,0.007383354788985113,0.015955084902766797,-0.03991326065702776,0.04593343646550398,-0.0632843988090901,0.057957676270477494,-0.042420537462554406,0.018833851620605576,-0.03953109421907737
534.0,98.0,65.0,0.6632653061224489,6.56599153958937,9.35792210957535,4.346938775510204,2.1670163858770715,0.19387755102040816,6.0,16.333333333333332,8.900686615212459,135.0,1.3775510204081634,72.68356529209625,7.137680412371136,8.116151202749142,7.841237113402066,7.921168384879728,7.6940367697594505,0.21428571428571427,0.22448979591836735,0.14285714285714285,0.061224489795918366,0.08163265306122448,0.1326530612244898,0.05102040816326531,0.04081632653061224,0.05102040816326531,0.10204081632653061,1.0,0.01020408163265306,0.0,0.0,97.8781620794948,1.6313027013249133,0.194,0.0,0.806,0.9668,audio_655.wav,5.0,0.18873976474913506,0.044461411883409366,-0.06481525647590697,-0.15266122194210816,-0.07314430346383116,-0.10989989052794934,0.06330132176373887,0.049559321873131,-0.16747726709563499,-0.03544848907187671,0.01934583543610261,-0.02312521097210801,-0.1276217559494092,0.08035503198462027,-0.05694555614074749
611.0,118.0,73.0,0.6186440677966102,6.72019471065776,9.78460618412793,4.135593220338983,2.5005601211080832,0.13559322033898305,6.0,19.666666666666668,15.00740557932057,173.0,1.4661016949152543,61.95019230769233,9.46286324786325,11.560683760683762,6.8735042735042775,8.246923076923078,7.167888034188034,0.1864406779661017,0.2033898305084746,0.1016949152542373,0.07627118644067797,0.09322033898305085,0.11864406779661017,0.07627118644067797,0.0,0.025423728813559324,0.15254237288135594,2.0,0.01694915254237288,0.0,0.0,117.97898499329806,1.9663164165549678,0.182,0.019,0.799,0.9559,audio_372.wav,5.0,0.30030396383022173,-0.026837945784767753,-0.07195531697002273,-0.1794800378215939,-0.06207470490237804,-0.027282741497238257,0.11033703250881419,-0.017113264928905074,-0.0672064286847588,0.04942293745013312,-0.02174537713609192,0.054333211153059946,0.01952417702954587,0.028841039867158795,0.05266007779445334
704.0,135.0,85.0,0.6296296296296297,7.315635209502899,9.821400889914896,4.118518518518519,2.3540409759228345,0.1925925925925926,9.0,15.0,4.242640687119285,187.0,1.385185185185185,68.80413194444445,7.195729166666666,9.75138888888889,7.3125,6.912907986111112,7.672625347222223,0.18518518518518517,0.2222222222222222,0.13333333333333333,0.06666666666666667,0.13333333333333333,0.0962962962962963,0.02962962962962963,0.007407407407407408,0.022222222222222223,0.15555555555555556,1.0,0.007407407407407408,1.0,0.007407407407407408,134.83216204828364,2.2472027008047273,0.138,0.012,0.85,0.9383,audio_667.wav,5.0,0.2017578539748249,-0.0920728867400125,-0.09739322116509928,-0.009322647684304727,0.17321342888793706,-0.03905178235612587,0.024952365485124042,-0.1688319952545176,-0.16028502286338867,0.08701742474615427,-0.05569222756202163,0.02573101154172893,0.08038397037643515,0.004219437439196593,-0.056011051436601414
540.0,116.0,58.0,0.5,5.385164807134505,10.637143106364787,3.603448275862069,1.8931788189254763,0.08620689655172414,1.0,116.0,0.0,136.0,1.1724137931034482,-9.801315789473662,42.947192982456144,46.65263157894737,5.207017543859646,53.21184210526315,11.507040350877192,0.19827586206896552,0.22413793103448276,0.10344827586206896,0.0603448275862069,0.02586206896551724,0.07758620689655173,0.0603448275862069,0.04310344827586207,0.017241379310344827,0.11206896551724138,0.0,0.0,1.0,0.008620689655172414,115.85578368593261,1.9309297280988769,0.172,0.021,0.807,0.9477,audio_517.wav,2.5,0.17514426277021905,0.1924584034529872,-0.06801405951697932,0.007120811136999435,0.009461408740218485,-0.08915175336760221,0.12872201734782648,0.15821898160003595,0.02063867389416812,0.03701474425289294,0.15440835616097032,0.3983568981124782,0.1210524989848296,-0.08226438252969609,-0.011281924014776613
549.0,97.0,72.0,0.7422680412371134,7.310492388962058,8.955900242071754,4.505154639175258,2.1158396804593473,0.16494845360824742,4.0,24.25,8.728545125048045,137.0,1.4123711340206186,60.72664473684213,10.689342105263162,11.605263157894738,9.633684210526315,13.00342105263158,7.80628947368421,0.2268041237113402,0.1958762886597938,0.1134020618556701,0.05154639175257732,0.1134020618556701,0.05154639175257732,0.07216494845360824,0.010309278350515464,0.030927835051546393,0.13402061855670103,0.0,0.0,0.0,0.0,96.7307660345372,1.6121794339089535,0.048,0.0,0.952,0.5719,audio_765.wav,5.0,0.22892895324096754,-0.0887527658253228,0.32996451465046606,0.11908711962470894,-0.08500087198586836,-0.004745599337035815,0.0003071109551639683,-0.012793496460464739,-0.010072554334574896,-0.022306451354089783,0.06437851114750444,-0.014230329443466402,-0.036076213375159226,0.0014348302228323817,0.02901883995075893
443.0,86.0,51.0,0.5930232558139535,5.499471433375359,9.631817728241579,4.069767441860465,1.7506855645479893,0.11627906976744186,5.0,17.2,6.734983296193095,105.0,1.2209302325581395,82.96190361445785,5.811710843373497,6.640000000000001,7.014457831325302,7.355662650602412,7.693956385542169,0.27906976744186046,0.22093023255813954,0.03488372093023256,0.08139534883720931,0.046511627906976744,0.11627906976744186,0.03488372093023256,0.0,0.023255813953488372,0.1511627906976744,0.0,0.0,1.0,0.011627906976744186,114.51398135818908,1.9085663559698178,0.132,0.0,0.868,0.8271,audio_38.wav,4.0,0.2067413748035578,0.33373062961261746,-0.06252932391138628,0.059815511777567075,0.004793173050942306,0.036157822886053965,0.04451696357499473,0.008604180203429842,0.06199840968082936,-0.032922465539786436,-0.06420020236625208,-0.10911540631810389,0.03531100385459513,0.017959676246450847,0.08383870582555016
636.0,123.0,79.0,0.6422764227642277,7.123190113872715,9.675584152533805,4.073170731707317,1.9429703674784813,0.13821138211382114,12.0,10.25,4.9518515055818595,155.0,1.2601626016260163,89.0322267759563,3.3668032786885256,5.378142076502733,5.106557377049182,3.5357103825136598,6.470438797814207,0.18699186991869918,0.23577235772357724,0.07317073170731707,0.06504065040650407,0.0975609756097561,0.13008130081300814,0.056910569105691054,0.008130081300813009,0.016260162601626018,0.18699186991869918,2.0,0.016260162601626018,0.0,0.0,122.84708097732509,2.0474513496220847,0.048,0.0,0.952,0.6187,audio_371.wav,5.0,0.3310806494740357,-0.06414911088329592,0.39385702816178947,0.10088582211816435,-0.01928758877423402,-0.013071122755280724,0.013911282310525453,0.033379436683534415,0.028130043316213545,0.07563177328997403,0.011050867200550402,-0.055581441325777095,0.004397470195797733,-0.025614904068297112,0.027215117908673626
576.0,102.0,48.0,0.47058823529411764,4.752708206288037,10.767026471772171,4.46078431372549,2.1678197623665305,0.18627450980392157,4.0,25.5,22.073740054644116,141.0,1.3823529411764706,63.10129950495052,10.730767326732675,12.080198019801982,9.156435643564354,13.392623762376239,7.546622772277228,0.17647058823529413,0.21568627450980393,0.0392156862745098,0.00980392156862745,0.08823529411764706,0.06862745098039216,0.058823529411764705,0.06862745098039216,0.029411764705882353,0.09803921568627451,1.0,0.00980392156862745,2.0,0.0196078431372549,101.87318910314764,1.6978864850524606,0.07,0.023,0.907,0.4588,audio_507.wav,3.0,0.29149479186515165,-0.10546225800087913,0.5259575827118602,0.1657703514819245,-0.04471428029266617,-0.06037188450371053,0.025708676355493624,-0.09480718408660395,0.07174775394455789,-0.016152437028986607,0.00100785232759624,0.019682901963913292,-0.07114931178143391,-0.0278208062352707,-0.022352157872474295
1.0,0.0,0.0,0.0,0.0,0.0,0.0,0.0,0.0,1.0,0.0,0.0,0.0,0.0,0.0,0.0,0.0,0.0,0.0,0.0,0.0,0.0,0.0,0.0,0.0,0.0,0.0,0.0,0.0,0.0,0.0,0.0,0.0,0.0,0.0,0.0,0.0,0.0,1.0,0.0,audio_5056.wav,0.0,0.0,0.0,0.0,0.0,0.0,0.0,0.0,0.0,0.0,0.0,0.0,0.0,0.0,0.0,0.0
590.0,116.0,70.0,0.603448275862069,6.499336836196815,9.8660599585085,4.0,2.399712626473256,0.13793103448275862,6.0,19.333333333333332,6.394442031083626,160.0,1.3793103448275863,66.11155405405407,8.63400900900901,10.282882882882884,6.84504504504504,8.18756756756757,7.256892792792793,0.19827586206896552,0.25862068965517243,0.10344827586206896,0.07758620689655173,0.13793103448275862,0.09482758620689655,0.04310344827586207,0.0,0.09482758620689655,0.13793103448275862,2.0,0.017241379310344827,0.0,0.0,115.85578368593261,1.9309297280988769,0.122,0.029,0.849,0.9095,audio_282.wav,5.0,0.32159742927637425,-0.15424953341515094,-0.13949796694246477,0.10665417475437415,0.018345010618454696,0.019626401389909218,0.04064739273243576,0.03778384918269855,0.040567965752278765,0.09858201244376756,-0.10953632525597524,-0.03264083461371209,0.025047349560495206,-0.04466721218766514,0.007597115297836839
664.0,116.0,75.0,0.646551724137931,6.963575181639445,9.603204850473501,4.612068965517241,2.670953438588143,0.2672413793103448,11.0,10.545454545454545,4.499770425732575,178.0,1.5344827586206897,66.31412225705333,6.629623824451414,6.97680250783699,8.143103448275863,6.134020376175549,9.46826144200627,0.3275862068965517,0.19827586206896552,0.07758620689655173,0.02586206896551724,0.1206896551724138,0.07758620689655173,0.05172413793103448,0.0,0.0,0.16379310344827586,1.0,0.008620689655172414,0.0,0.0,115.85578368593261,1.9309297280988769,0.278,0.0,0.722,0.9896,audio_459.wav,3.0,0.1838226510311346,0.007210523902433713,-0.03141910481994311,-0.11358572847528749,-0.005809941185238828,-0.206702146716119,0.1841989791163645,0.21271924121535332,-0.12526016185612285,-0.14948568686202318,0.21088555474621615,-0.19794980171172014,0.04676375602600109,-0.055960903237884434,-0.0909555722915272
573.0,98.0,62.0,0.6326530612244898,6.262945776223707,9.530262137189993,4.744897959183674,2.4172476526159805,0.24489795918367346,9.0,10.88888888888889,6.690697429922044,145.0,1.4795918367346939,70.6093083900227,6.115850340136056,8.43718820861678,9.00204081632653,6.8915873015873,8.526895011337867,0.25510204081632654,0.22448979591836735,0.08163265306122448,0.061224489795918366,0.05102040816326531,0.11224489795918367,0.01020408163265306,0.01020408163265306,0.01020408163265306,0.20408163265306123,0.0,0.0,0.0,0.0,97.8781620794948,1.6313027013249133,0.042,0.0,0.958,0.6369,audio_303.wav,5.0,0.2418155678365392,-0.08051390782709195,0.40382351708366454,0.17725004624254742,-0.0935272303041608,-0.014437542173857025,-0.003268292149891994,-0.03591216221316364,0.02178416506997567,0.005085189009678441,0.05104626126621106,-0.03990342609795267,-0.05039021131568627,0.08700141287515575,0.04110817312533156
464.0,96.0,64.0,0.6666666666666666,6.531972647421809,9.319519980054,3.7708333333333335,2.143202270487371,0.11458333333333333,6.0,16.0,4.47213595499958,120.0,1.25,80.92384057971016,5.78130434782609,9.1768115942029,5.091304347826089,5.332644927536233,8.001272463768116,0.20833333333333334,0.22916666666666666,0.08333333333333333,0.052083333333333336,0.125,0.09375,0.041666666666666664,0.0,0.020833333333333332,0.14583333333333334,1.0,0.010416666666666666,0.0,0.0,131.64303824590223,2.1940506374317037,0.149,0.0,0.851,0.9201,audio_297.wav,4.5,0.17944860087729989,-0.053234778584506204,-0.10808822064203943,0.028352572255454636,0.2963625011385263,-0.13787033048690422,-0.02479646129935395,-0.16598432872501329,-0.05212366608827894,-0.0282444818118077,0.018186934799462005,-0.036554427494289374,0.09415956179732526,0.0031048816749246616,0.14065040719587166
463.0,99.0,56.0,0.5656565656565656,5.628211765451588,9.967881790364324,3.5656565656565657,2.1516337047054663,0.10101010101010101,6.0,16.5,7.088723439378913,126.0,1.2727272727272727,80.5330498281787,6.042835051546394,7.703780068728523,3.4762886597938127,4.47364261168385,6.228985223367697,0.18181818181818182,0.2222222222222222,0.10101010101010101,0.050505050505050504,0.13131313131313133,0.1414141414141414,0.050505050505050504,0.0,0.09090909090909091,0.12121212121212122,0.0,0.0,0.0,0.0,98.876918835408,1.6479486472568001,0.207,0.039,0.755,0.9666,audio_432.wav,3.5,0.2504033170273076,-0.1451005972116266,-0.16674946438444818,0.152525936588331,-0.09929719014151259,0.027849562816898793,-0.03270650958513693,0.03346514532902466,0.09003910169125397,-0.05790968064748667,0.03042909263787428,0.030926827132888173,-0.030116781193401103,0.10624373746869464,-0.13965576985279754
726.0,144.0,63.0,0.4375,5.25,11.438542915622005,3.986111111111111,1.6790626978197916,0.1111111111111111,7.0,20.571428571428573,10.634944325962714,183.0,1.2708333333333333,78.44250000000002,7.428690476190479,8.784126984126985,5.880555555555556,7.9246726190476195,6.740245634920635,0.24305555555555555,0.125,0.041666666666666664,0.08333333333333333,0.034722222222222224,0.09722222222222222,0.06944444444444445,0.06944444444444445,0.006944444444444444,0.04861111111111111,2.0,0.013888888888888888,0.0,0.0,143.82097285150255,2.397016214191709,0.05,0.03,0.921,0.6201,audio_454.wav,3.5,0.18176349906720926,-0.09514399767656717,0.3616248630375414,0.16188299557277658,-0.1345146495746875,-0.10732466192287754,0.04905892193950313,-0.06946777273618565,-0.015930808982409866,-0.043465852538637696,-0.020100713243494276,-0.032353366602861505,0.00013787882905844865,-0.017645418433774658,-0.018224426739938123
670.0,134.0,63.0,0.4701492537313433,5.442371081162569,11.041885518173887,3.91044776119403,2.176751950324441,0.12686567164179105,10.0,13.4,4.903060268852505,179.0,1.335820895522388,79.47534962406014,5.4782030075188,7.124511278195489,4.825563909774434,4.272481203007516,7.264225112781955,0.20149253731343283,0.19402985074626866,0.16417910447761194,0.05223880597014925,0.08955223880597014,0.08208955223880597,0.06716417910447761,0.0,0.007462686567164179,0.14925373134328357,4.0,0.029850746268656716,0.0,0.0,133.83340529237043,2.2305567548728407,0.188,0.1,0.713,0.9351,audio_482.wav,2.0,0.11824660436316536,0.0040209091722962,-0.005166204705868047,-0.07592557042269546,0.0029999865333097367,-0.10741313627284789,0.1002951950378206,0.08385893968660034,-0.016320675592339268,-0.018511632527891404,-0.02043064406100257,-0.13685393212094474,0.02299384090497445,0.04571988245635317,0.36367083498713026
463.0,88.0,57.0,0.6477272727272727,6.076220416134897,9.33359266213391,4.181818181818182,1.9513716303332438,0.11363636363636363,6.0,14.666666666666666,9.944289260117532,119.0,1.3522727272727273,74.56872727272729,7.230818181818183,7.94909090909091,6.772727272727277,7.494545454545456,7.559800909090908,0.26136363636363635,0.1590909090909091,0.06818181818181818,0.07954545454545454,0.07954545454545454,0.11363636363636363,0.06818181818181818,0.022727272727272728,0.022727272727272728,0.10227272727272728,1.0,0.011363636363636364,0.0,0.0,97.3259555466463,1.6220992591107717,0.065,0.037,0.897,0.3919,audio_484.wav,2.0,0.34241529970777196,-0.1448482626273767,0.49536571065351975,0.20309312976966828,-0.20057623858042756,-0.10766570788669917,0.024283044562070737,-0.07407901282608349,-0.044648142655052146,-0.0799109703930269,-0.05255373370339076,-0.0038947360137930043,0.10230267345804644,-0.04008486468561051,-0.038072691080488295
471.0,95.0,52.0,0.5473684210526316,5.335087430842802,10.053916915948438,3.8842105263157896,2.195033426887243,0.15789473684210525,5.0,19.0,7.293833011524188,126.0,1.3263157894736841,76.30950000000001,7.3855,10.18,5.072916666666668,6.6175,6.8915283333333335,0.24210526315789474,0.25263157894736843,0.06315789473684211,0.042105263157894736,0.031578947368421054,0.10526315789473684,0.021052631578947368,0.06315789473684211,0.010526315789473684,0.10526315789473684,2.0,0.021052631578947368,0.0,0.0,94.88189181175515,1.5813648635292525,0.063,0.0,0.937,0.6486,audio_757.wav,4.0,0.1735142443279134,-0.038452076154509254,0.04919925467260629,-0.05253416040943267,0.0766594862717634,-0.07780146831830452,-0.006907463432332625,-0.13254520834914305,-0.040651291712255955,0.09120477527787152,-0.0307496334284561,0.048255531716689413,0.0032650079473501756,-0.03182906851661107,0.11056292052628017
386.0,79.0,52.0,0.6582278481012658,5.850457084815324,9.156750217629964,3.759493670886076,2.32332798119159,0.16455696202531644,9.0,8.777777777777779,4.871180048173994,102.0,1.2911392405063291,83.32066666666667,3.708000000000002,4.933333333333334,3.6159999999999997,2.3302666666666703,6.3657,0.25316455696202533,0.25316455696202533,0.05063291139240506,0.10126582278481013,0.0759493670886076,0.13924050632911392,0.02531645569620253,0.0,0.0759493670886076,0.13924050632911392,1.0,0.012658227848101266,0.0,0.0,78.90178371714376,1.3150297286190626,0.222,0.0,0.778,0.9441,audio_773.wav,3.0,0.21367260328399862,0.1414281625440978,-0.048368128296767246,-0.029982621648974736,0.013005849634943405,-0.09098453061133145,0.08104914236303905,0.10289519444323181,0.006952204400598871,-0.08362064816836208,0.09031056905183289,0.05751095185096278,0.0024214234632829786,0.04441010948068743,0.1097513340115206
714.0,136.0,77.0,0.5661764705882353,6.60269552798659,10.249540938698352,4.125,2.2636432763032563,0.16911764705882354,11.0,12.363636363636363,7.388845736805854,164.0,1.2058823529411764,82.35867741935488,4.852451612903227,6.572903225806453,8.053225806451614,7.218467741935484,8.708394838709678,0.22794117647058823,0.25,0.058823529411764705,0.058823529411764705,0.11029411764705882,0.08823529411764706,0.029411764705882353,0.0,0.03676470588235294,0.19117647058823528,3.0,0.022058823529411766,0.0,0.0,135.83091880419687,2.2638486467366143,0.174,0.019,0.807,0.9571,audio_668.wav,5.0,0.1955707804622164,0.25848293288114416,-0.0469263405972475,0.03570866413999063,-0.008435828557724215,0.028909256124372205,-0.011794261325967975,0.003760833364765739,0.012626965359290511,0.017144132115980194,-0.031835945312281407,-0.016750474785791718,0.011582954728313392,-0.003589745552863567,-0.14749755907303153
665.0,125.0,76.0,0.608,6.7976466515993605,9.898934800129718,4.272,2.562423852527134,0.176,5.0,25.0,7.483314773547883,180.0,1.44,59.636000000000024,11.152000000000001,13.840000000000002,7.793600000000001,11.454880000000003,8.79242,0.312,0.176,0.104,0.0,0.064,0.12,0.048,0.016,0.016,0.064,0.0,0.0,0.0,0.0,124.83355525965379,2.0805592543275635,0.128,0.023,0.849,0.9084,audio_240.wav,5.0,0.05677640243129338,-0.01864509845741311,-0.0434789869761895,0.00834821232195882,0.08765945353828361,-0.0504887283419066,0.014505351682231103,-0.06821420784520134,-0.02809000028647086,0.016596322909445575,0.005484557276119332,-0.0016336221477250856,0.02179951992407689,-0.0008186073613061647,0.05551145834097009
368.0,71.0,40.0,0.5633802816901409,4.747126632775413,9.584084681061077,4.056338028169014,2.088785103757832,0.14084507042253522,6.0,11.833333333333334,9.822027398771713,96.0,1.352112676056338,80.4354342723005,4.979929577464791,6.423474178403757,5.225352112676056,4.255399061032865,7.781743192488263,0.22535211267605634,0.16901408450704225,0.16901408450704225,0.07042253521126761,0.056338028169014086,0.056338028169014086,0.014084507042253521,0.0,0.0,0.14084507042253522,1.0,0.014084507042253521,1.0,0.014084507042253521,70.91172966983807,1.1818621611639677,0.22,0.048,0.732,0.9405,audio_163.wav,2.0,0.23901370307790926,-0.033450905609975774,-0.006857821748980765,-0.4216885487578551,-0.2584875653350654,0.031175313930974273,-0.26167493255478863,-0.16350640021833512,-0.07147177440203142,-0.10165239376909473,0.04476748103804037,0.1261638401792176,-0.12388097663684715,0.04855514980478918,0.032188846827139336
660.0,131.0,73.0,0.5572519083969466,6.378039613625576,10.285927430586488,3.969465648854962,2.363652663345894,0.13740458015267176,9.0,14.555555555555555,10.446808243149475,174.0,1.3282442748091603,79.69164546225618,5.759949109414759,8.264970313825277,5.189312977099238,4.903502968617474,6.76914257845632,0.1984732824427481,0.2366412213740458,0.07633587786259542,0.05343511450381679,0.1297709923664122,0.11450381679389313,0.022900763358778626,0.015267175572519083,0.16030534351145037,0.03816793893129771,0.0,0.0,0.0,0.0,130.83713502463078,2.18061891707718,0.086,0.118,0.796,-0.5859,audio_659.wav,5.0,0.3549545854705637,-0.307143409927106,-0.3273605933681685,0.3833883625861523,-0.13629342587028825,0.09831619155163362,-0.07861854737567016,0.04162392144344833,-0.1879644861086486,-0.006372611811479688,0.058813551037623396,-0.009026307523843077,-0.008566567559336402,-0.11195283427451101,0.09850739850529144
690.0,144.0,71.0,0.4930555555555556,5.916666666666667,10.885062872947545,3.7430555555555554,2.194521359411564,0.125,7.0,20.571428571428573,6.161102472242236,181.0,1.2569444444444444,77.79000000000002,7.413232016210742,9.759270516717326,4.902127659574468,7.013768996960486,5.979415501519757,0.18055555555555555,0.1736111111111111,0.08333333333333333,0.08333333333333333,0.1736111111111111,0.10416666666666667,0.08333333333333333,0.020833333333333332,0.027777777777777776,0.10416666666666667,3.0,0.020833333333333332,0.0,0.0,143.82097285150255,2.397016214191709,0.129,0.071,0.8,0.8132,audio_532.wav,3.5,0.4029962931724899,-0.3256346535784119,-0.3736872037598753,0.4441349655576064,-0.1348944468563168,0.05307139152789846,-0.07767643799834784,0.021667966102145546,-0.1728449480446397,-0.04448217934987647,0.061684224918041444,-0.021724920017785605,-0.09339081277818177,0.017193807408181598,0.01226184746025286
386.0,79.0,52.0,0.6582278481012658,5.850457084815324,9.156750217629964,3.759493670886076,1.7004481157223643,0.10126582278481013,7.0,11.285714285714286,3.534090536243709,96.0,1.2151898734177216,88.95184210526317,3.549548872180452,4.342857142857143,4.139473684210525,3.272387218045111,6.875935338345865,0.20253164556962025,0.20253164556962025,0.11392405063291139,0.06329113924050633,0.16455696202531644,0.11392405063291139,0.02531645569620253,0.02531645569620253,0.02531645569620253,0.12658227848101267,0.0,0.0,0.0,0.0,78.90178371714376,1.3150297286190626,0.249,0.0,0.751,0.9715,audio_464.wav,2.0,0.3577386771613338,-0.08654575748462866,-0.23576802474416705,0.13066598714341987,-0.11649338770420631,0.04052679296904732,0.09188509701020608,0.07920707591823128,0.32683057079870664,-0.05456718396598812,0.008742713676979853,0.12866708716834813,0.18040146350139383,0.003775030732991834,-0.05486628196609317
519.0,105.0,62.0,0.5904761904761905,6.050580452280906,9.85911764746794,3.9047619047619047,1.9396799418058615,0.10476190476190476,2.0,52.5,43.5,127.0,1.2095238095238094,50.249878640776714,19.044514563106798,21.376699029126215,6.712621359223302,23.388640776699027,8.950317475728156,0.23809523809523808,0.1619047619047619,0.05714285714285714,0.08571428571428572,0.047619047619047616,0.1523809523809524,0.05714285714285714,0.01904761904761905,0.009523809523809525,0.10476190476190476,3.0,0.02857142857142857,0.0,0.0,139.81358189081226,2.3302263648468706,0.182,0.0,0.818,0.959,audio_5.wav,2.5,0.31141996063307287,0.5002594620013425,-0.07023820309295066,0.05372137394528056,-0.02532644822486959,0.03690231564877443,-0.042980229176192354,-0.056652804137451586,-0.03084719238521834,0.014175108292455397,-0.030768204730546297,-0.12519952425344505,-0.008386833911926309,0.039397984534084586,0.008049078092257946
690.0,146.0,68.0,0.4657534246575342,5.627720042496102,11.154697407516267,3.671232876712329,2.100585662107268,0.08904109589041095,5.0,29.2,9.703607576566563,179.0,1.226027397260274,72.96275862068967,10.286896551724137,13.255172413793105,4.619310344827586,10.805586206896557,6.708348275862069,0.1780821917808219,0.1917808219178082,0.04794520547945205,0.07534246575342465,0.13013698630136986,0.136986301369863,0.06164383561643835,0.0273972602739726,0.02054794520547945,0.10273972602739725,3.0,0.02054794520547945,0.0,0.0,145.95134955014996,2.432522492502499,0.112,0.0,0.888,0.9217,audio_231.wav,3.5,0.22929852111654742,-0.13763661298914612,-0.1567724754228151,0.03650687627240123,0.3729924067670289,-0.22280626462002415,-0.01648022538389432,-0.2795598858932429,0.09431282805738322,-0.06786789385902385,0.007409220528777121,-0.025982444755934708,0.11319992198607984,-0.0053237709796852715,0.03398084325948705
669.0,122.0,88.0,0.7213114754098361,7.967145651741631,9.245138128927247,4.319672131147541,2.3303640517767796,0.1885245901639344,9.0,13.555555555555555,5.678636595191394,185.0,1.5163934426229508,60.891629001883246,8.023333333333333,9.312241054613935,7.84576271186441,7.158775894538607,7.2307094161958565,0.18032786885245902,0.21311475409836064,0.08196721311475409,0.09836065573770492,0.10655737704918032,0.10655737704918032,0.05737704918032787,0.00819672131147541,0.00819672131147541,0.14754098360655737,1.0,0.00819672131147541,0.0,0.0,121.97827262018951,2.032971210336492,0.146,0.019,0.835,0.9404,audio_384.wav,5.0,0.2500267291578768,-0.008615986363165106,0.050186470233638945,-0.1935810570968742,-0.055549263932973734,-0.021526026734633948,-0.051013323220508555,-0.006615616341433854,-0.06336902530596959,0.04721205335970965,-0.03748702706638057,-0.054371997296253353,0.0325050281583605,0.008395688247254252,0.00345184596964012
486.0,96.0,54.0,0.5625,5.511351921262151,9.957257792094813,3.875,1.6088945480256518,0.10416666666666667,4.0,24.0,4.58257569495584,114.0,1.1875,82.79444587628866,7.735541237113402,10.11237113402062,5.461855670103095,9.632113402061854,7.769403092783506,0.1875,0.19791666666666666,0.041666666666666664,0.020833333333333332,0.125,0.14583333333333334,0.052083333333333336,0.041666666666666664,0.010416666666666666,0.11458333333333333,0.0,0.0,0.0,0.0,158.15485996705107,2.6359143327841843,0.058,0.0,0.942,0.5859,audio_54.wav,4.0,0.14599398218343235,-0.03420818334841685,0.05124938168205723,-0.09639888305731026,0.12735520750451845,0.2954263657599404,0.2553237852385752,-0.14352743395925777,-0.02823864590389459,-0.15084329456776938,0.0993780334623638,-0.053925670280564574,-0.020573461051867234,0.004360144716344898,0.002805067673695346
513.0,102.0,56.0,0.5490196078431373,5.5448262406693765,10.117902016730083,3.9607843137254903,2.1232677766873036,0.11764705882352941,5.0,20.4,10.34601372510205,131.0,1.2843137254901962,76.60328712871289,7.592950495049507,10.852277227722773,5.9346534653465355,7.929702970297029,6.983469504950495,0.20588235294117646,0.21568627450980393,0.14705882352941177,0.08823529411764706,0.029411764705882353,0.0784313725490196,0.0784313725490196,0.0196078431372549,0.0784313725490196,0.029411764705882353,0.0,0.0,2.0,0.0196078431372549,101.87318910314764,1.6978864850524606,0.215,0.0,0.785,0.9794,audio_656.wav,5.0,0.39365784155748695,-0.22000324688410597,-0.24182029821833873,0.13309887585021607,-0.1580967307630988,0.1339464468541388,0.06632956953990032,0.009500992390936859,-0.0977331852739786,0.08955280783215616,-0.0832767591641338,0.02467097008965939,0.013020485516507616,0.10434795127682306,0.019352095058254824
487.0,82.0,41.0,0.5,4.527692569068708,10.242772469387281,4.841463414634147,2.8088254302184743,0.2682926829268293,7.0,11.714285714285714,3.880879344916036,137.0,1.670731707317073,53.60109756097566,8.693205574912891,10.539372822299653,9.75365853658537,7.747386759581882,8.261309059233449,0.21951219512195122,0.24390243902439024,0.036585365853658534,0.012195121951219513,0.0975609756097561,0.15853658536585366,0.024390243902439025,0.0,0.0,0.17073170731707318,1.0,0.012195121951219513,0.0,0.0,81.8980539848834,1.3649675664147232,0.2,0.0,0.8,0.923,audio_444.wav,3.0,0.15414902522685284,-0.09616756769288513,-0.09063050188573434,0.012697433984858154,0.4073493823712398,-0.22229283281827628,-0.02374115957487591,-0.32317171899767166,0.03929258160789226,-0.07078543837136918,0.044741769185122335,-0.004809251195788598,0.13294352049061492,-0.02650212397033435,-0.04597305144189433
0.0,0.0,0.0,0.0,0.0,0.0,0.0,0.0,0.0,0.0,0.0,0.0,0.0,0.0,0.0,0.0,0.0,0.0,0.0,0.0,0.0,0.0,0.0,0.0,0.0,0.0,0.0,0.0,0.0,0.0,0.0,0.0,0.0,0.0,0.0,0.0,0.0,0.0,0.0,0.0,audio_5062.wav,0.0,0.0,0.0,0.0,0.0,0.0,0.0,0.0,0.0,0.0,0.0,0.0,0.0,0.0,0.0,0.0
595.0,103.0,65.0,0.6310679611650486,6.404640308067906,9.587818805818227,4.728155339805825,2.8564156191741037,0.30097087378640774,4.0,25.75,3.960744879438715,168.0,1.6310679611650485,41.611323529411806,13.790294117647061,15.690196078431374,10.731372549019607,14.131176470588237,9.390613725490196,0.2524271844660194,0.24271844660194175,0.08737864077669903,0.02912621359223301,0.05825242718446602,0.10679611650485436,0.05825242718446602,0.0,0.05825242718446602,0.13592233009708737,0.0,0.0,1.0,0.009708737864077669,102.87194585906086,1.7145324309843475,0.173,0.094,0.733,0.8316,audio_312.wav,4.5,0.10053713851748661,-0.06322657861515044,-0.07303256600706892,0.00576723257995541,0.30406076854830755,-0.16551687764132403,-0.04998106094671132,-0.24569428496439158,0.004352146403324734,-0.04207152926457062,0.010253000915201985,0.026637978859032574,0.0860789520685541,-0.0036906661700952838,0.05745794158781217
358.0,68.0,40.0,0.5882352941176471,4.85071250072666,9.367194865837064,4.147058823529412,1.9648731876634218,0.1323529411764706,8.0,8.5,4.8218253804964775,98.0,1.4411764705882353,75.05147058823533,5.204453781512608,7.4151260504201675,5.205882352941181,3.583172268907564,6.440387394957983,0.17647058823529413,0.22058823529411764,0.10294117647058823,0.11764705882352941,0.10294117647058823,0.029411764705882353,0.058823529411764705,0.04411764705882353,0.058823529411764705,0.08823529411764706,0.0,0.0,0.0,0.0,90.66666666666667,1.511111111111111,0.312,0.0,0.688,0.9769,audio_120.wav,2.5,0.14264122008180075,-0.0367798181224025,0.005573719853289218,-0.20849637024797985,-0.1181362418278591,0.04761023810997703,-0.1893072668478763,-0.1041167421554914,0.09993359406672556,-0.013826685559006902,0.009742511919760223,0.037644144690747415,-0.06605059595396101,-0.1255850802557199,-0.04399843389780961
592.0,114.0,71.0,0.6228070175438597,6.6497592622300274,9.72955264627227,4.052631578947368,2.4880137405243277,0.14912280701754385,11.0,10.363636363636363,4.65681762722389,157.0,1.3771929824561404,76.8759285714286,5.3190714285714265,8.40857142857143,5.482142857142858,4.397767857142853,6.3067521428571425,0.21052631578947367,0.16666666666666666,0.11403508771929824,0.02631578947368421,0.09649122807017543,0.12280701754385964,0.07894736842105263,0.043859649122807015,0.03508771929824561,0.05263157894736842,0.0,0.0,1.0,0.008771929824561403,134.8864668595142,2.2481077809919037,0.205,0.0,0.795,0.9764,audio_446.wav,3.0,0.250719399778236,-0.18806758882043265,-0.18009035605528517,0.08701131946990077,0.3858529170463618,-0.2381289195183728,-0.06757318293145681,-0.29823787409263963,-0.0509492190031704,-0.09842875003289947,0.06753598627154131,0.00575147206286869,-0.01775650080860625,-0.04157061979115163,0.0038206782953167963
527.0,97.0,63.0,0.6494845360824743,6.3966808403418005,9.42388057868406,4.371134020618556,2.702879669502819,0.24742268041237114,5.0,19.4,7.445804187594514,149.0,1.5360824742268042,57.19142268041239,10.10177319587629,13.120824742268042,8.02680412371134,9.197938144329896,7.366059587628866,0.21649484536082475,0.20618556701030927,0.07216494845360824,0.061855670103092786,0.13402061855670103,0.14432989690721648,0.010309278350515464,0.010309278350515464,0.030927835051546393,0.13402061855670103,1.0,0.010309278350515464,0.0,0.0,96.87940532358158,1.6146567553930262,0.168,0.023,0.809,0.9324,audio_546.wav,2.5,0.28575155247449535,-0.17159810751939392,-0.16486674027826323,0.19417240932641988,-0.047736716877155555,0.024188940613258093,0.04441732158991342,-0.001594588022215307,0.057626289690829426,-0.03200218899249575,0.021888879729526668,0.010731217619566987,0.19585214576810775,0.04851191933217519,0.02766591153590181
648.0,130.0,72.0,0.5538461538461539,6.314817739010611,10.30511811888721,3.792307692307692,2.2281284103520047,0.12307692307692308,11.0,11.818181818181818,8.653093843120576,173.0,1.3307692307692307,79.50081250000002,5.350437500000002,6.682500000000001,4.317187499999999,4.141171874999998,7.602083125,0.23846153846153847,0.2230769230769231,0.1,0.05384615384615385,0.08461538461538462,0.07692307692307693,0.06153846153846154,0.007692307692307693,0.023076923076923078,0.13846153846153847,2.0,0.015384615384615385,1.0,0.007692307692307693,129.83837826871758,2.163972971145293,0.15,0.064,0.786,0.8957,audio_430.wav,4.0,0.10633315163808063,-0.01676422555764587,-0.008558038935631365,-0.08394932438453354,0.018591915386008802,-0.09537218064822396,0.10760217312766522,0.07471913609797406,-0.02405536616922075,-0.024434484871136534,-0.0034843663011109903,-0.13366738598631134,-0.03795761504041002,0.09222348367784426,0.47605127481772197
473.0,81.0,48.0,0.5925925925925926,5.333333333333333,9.564290897697658,4.654320987654321,2.4553317838067965,0.19753086419753085,12.0,6.75,6.456585785072479,111.0,1.3703703703703705,82.68016666666668,3.73937037037037,6.202962962962963,7.540740740740745,5.472222222222225,7.937025432098766,0.25925925925925924,0.2222222222222222,0.07407407407407407,0.04938271604938271,0.024691358024691357,0.09876543209876543,0.04938271604938271,0.012345679012345678,0.04938271604938271,0.12345679012345678,3.0,0.037037037037037035,1.0,0.012345679012345678,80.89929722897018,1.3483216204828363,0.191,0.024,0.786,0.926,audio_179.wav,2.0,0.27504619273546677,0.5273276507756739,-0.049756643684728076,0.06594451411807237,-0.02541191880114884,0.017283874591070853,-0.056763067224322034,-0.002735757905901378,-0.004457653004045364,0.01941588335970634,0.014161014939444078,0.12253057095247379,0.04468390458611662,-0.09853757989089255,-0.03888271227843669
681.0,128.0,72.0,0.5625,6.363961030678928,10.228835012792773,4.1640625,1.9676181021971082,0.109375,7.0,18.285714285714285,9.646824580648076,176.0,1.375,71.17905511811026,7.838470191226097,8.831946006749156,6.910236220472438,8.224499437570302,7.5203227221597295,0.25,0.140625,0.1171875,0.0703125,0.0546875,0.125,0.0703125,0.0234375,0.015625,0.078125,1.0,0.0078125,0.0,0.0,127.84086475689116,2.130681079281519,0.137,0.0,0.863,0.9656,audio_674.wav,4.0,0.1362703501737398,-0.021618613685999093,0.016335188313041885,-0.17850068882373746,-0.11119764005176581,0.0953529698510716,-0.15479831459038534,-0.13245223323326136,0.04276322165555879,0.2533168859912681,0.16609096456934072,-0.05856791294484448,0.05256478932224336,0.012960952290907976,0.04263076823850323
536.0,96.0,58.0,0.6041666666666666,5.9196002117260145,9.68159159777224,4.40625,2.4220262049573287,0.15625,8.0,12.0,6.304760106459246,128.0,1.3333333333333333,79.70875000000001,5.06058510638298,7.253191489361703,7.78085106382979,6.6421276595744665,7.578874468085107,0.16666666666666666,0.28125,0.13541666666666666,0.052083333333333336,0.10416666666666667,0.10416666666666667,0.010416666666666666,0.010416666666666666,0.020833333333333332,0.22916666666666666,6.0,0.0625,0.0,0.0,95.88064856766837,1.5980108094611394,0.157,0.044,0.799,0.835,audio_737.wav,3.5,0.2950030464382954,0.46865016950241334,-0.052879808380843454,0.09736893338181618,0.0648652729678041,-0.046333158899480295,0.027290054379036463,0.0005594046130561304,-0.010586928081780503,0.03475971919898814,-0.0543087601401256,-0.005091666917209359,0.049749844163549294,-0.03357420547887718,0.023284855077427686
694.0,134.0,58.0,0.43283582089552236,5.0104368683718885,11.428373363329957,4.022388059701493,2.531787221702652,0.23134328358208955,22.0,6.090909090909091,3.0734802735230846,186.0,1.3880597014925373,82.38608168147644,3.2699829118250214,3.621189336978811,2.8090225563909783,1.4951332877648689,6.310790635680109,0.34328358208955223,0.2462686567164179,0.05970149253731343,0.05970149253731343,0.09701492537313433,0.08208955223880597,0.014925373134328358,0.022388059701492536,0.007462686567164179,0.19402985074626866,5.0,0.03731343283582089,1.0,0.007462686567164179,133.83340529237043,2.2305567548728407,0.31,0.028,0.662,0.9929,audio_669.wav,3.0,0.17462571343280942,0.076529151262093,-0.026311122922970394,-0.12235149185891299,-0.011519958547597357,-0.13788359123160862,0.14631808588157175,0.15170931230477225,-0.031975100945711064,-0.011787562224911091,0.11880617243162002,0.15950309564173054,0.09225028946887058,-0.03312099580841595,0.08010173393096419
943.0,150.0,98.0,0.6533333333333333,8.001666493091715,9.74938146542064,5.113333333333333,3.0100645987900143,0.32,8.0,18.75,5.695392874947259,245.0,1.6333333333333333,41.94562500000001,11.787296099290781,13.29113475177305,14.070921985815602,14.20611702127659,10.781905673758864,0.28,0.20666666666666667,0.14666666666666667,0.05333333333333334,0.02666666666666667,0.1,0.02666666666666667,0.006666666666666667,0.05333333333333334,0.11333333333333333,1.0,0.006666666666666667,1.0,0.006666666666666667,149.81351338698184,2.4968918897830306,0.179,0.012,0.809,0.9702,audio_540.wav,4.0,0.227725394690504,0.40333408436847595,-0.02654620517626262,0.09348749820799337,0.05131984925834708,-0.010045741248469513,-0.01728822912426444,0.059055658480615586,0.04357183612097644,-0.01966037241568903,0.12439789681301117,0.22760181647251485,-0.038065987472233706,-0.01000151656792211,-0.052362045772656594
668.0,140.0,79.0,0.5642857142857143,6.676718612355281,10.28475670316038,3.6785714285714284,2.195019873463099,0.11428571428571428,6.0,23.333333333333332,5.878397362849466,181.0,1.292857142857143,71.88836374695866,8.904781021897811,11.761070559610706,4.706569343065695,8.276593673965934,7.419909245742092,0.2714285714285714,0.12142857142857143,0.09285714285714286,0.04285714285714286,0.08571428571428572,0.17142857142857143,0.04285714285714286,0.0,0.07857142857142857,0.03571428571428571,0.0,0.0,0.0,0.0,187.58924097540825,3.1264873495901373,0.185,0.0,0.815,0.9839,audio_692.wav,4.0,0.3101612801953431,-0.2021382977052806,-0.20884245764425816,0.15716437549859097,-0.010205852500520396,-0.00784951196339502,-0.036506417376139834,-0.01572402012875946,-0.009681803515886503,-0.050699641829388534,0.056376401627069576,-0.008107344882047063,-0.10641783763662296,-0.11675233511461859,-0.030009491435330486
629.0,119.0,67.0,0.5630252100840336,6.141879930089016,10.163475982319957,4.201680672268908,2.562102051683321,0.17647058823529413,4.0,29.75,7.949056547792323,169.0,1.4201680672268908,55.728093220339005,12.815000000000001,15.528813559322035,7.772881355932206,13.75661016949153,8.578852542372882,0.2689075630252101,0.20168067226890757,0.058823529411764705,0.03361344537815126,0.07563025210084033,0.1092436974789916,0.06722689075630252,0.008403361344537815,0.025210084033613446,0.12605042016806722,1.0,0.008403361344537815,0.0,0.0,130.1779463243874,2.16963243873979,0.054,0.0,0.946,0.6808,audio_572.wav,2.0,0.09640106067927327,-0.030937424597610765,-0.0497797551559742,-0.02035983994998973,0.10216856973579604,-0.05409803337945512,0.021304038306368414,-0.0717909478991828,0.010845288530308882,0.03538142180699013,-0.06979240985406025,-0.012038962575159027,0.00677892507145037,0.02604167521769579,0.035925298165648226
598.0,100.0,66.0,0.66,6.6,9.395080967747067,4.95,2.67348087705897,0.25,4.0,25.0,6.96419413859206,159.0,1.59,45.84102272727276,13.014015151515153,17.172727272727276,12.004040404040403,14.732878787878782,9.967938383838383,0.22,0.16,0.1,0.07,0.04,0.11,0.11,0.0,0.0,0.11,1.0,0.01,0.0,0.0,98.9853996535511,1.6497566608925183,0.283,0.0,0.717,0.9896,audio_479.wav,2.0,0.17708631319341503,-0.012490547071777016,-0.01213063509752059,-0.22294368201473055,-0.04335106040192847,0.041247248766113964,-0.10196385145332118,-0.07241438867647307,-0.0026129634065293426,0.29713584554698586,0.3018303207989741,-0.18622096596585422,0.027354870354155632,0.006669553181862996,-0.09125096136809681
440.0,82.0,46.0,0.5609756097560976,5.079850199442941,9.786243536742585,4.341463414634147,2.0375709605786043,0.17073170731707318,3.0,27.333333333333332,2.8674417556808756,116.0,1.4146341463414633,59.41361788617888,11.762682926829267,13.372357723577236,8.297560975609759,12.85727642276423,9.228574796747967,0.3048780487804878,0.18292682926829268,0.012195121951219513,0.10975609756097561,0.024390243902439025,0.08536585365853659,0.08536585365853659,0.04878048780487805,0.0,0.13414634146341464,3.0,0.036585365853658534,1.0,0.012195121951219513,81.05394844548782,1.3508991407581303,0.18,0.0,0.82,0.926,audio_419.wav,3.0,0.23129693296830323,0.2109441023356688,0.0034490140046742166,-0.0319632326030039,0.004089120134834323,-0.06056827409410212,0.1494568963248125,0.059525599267234976,-0.043606743201441686,0.0296406115999985,-0.10880560434664735,0.15934910228570526,0.14878825082499436,2.2022857842335375e-05,0.060346605789070515
129.0,32.0,17.0,0.53125,3.005203820042827,8.405738704754846,2.9375,1.7666617531378213,0.09375,2.0,16.0,5.0,34.0,1.0625,89.89642857142859,4.19857142857143,5.6000000000000005,1.557142857142857,2.727857142857143,5.458757142857143,0.1875,0.40625,0.03125,0.03125,0.03125,0.03125,0.03125,0.0,0.0,0.3125,0.0,0.0,0.0,0.0,42.6098535286285,0.7101642254771415,0.097,0.0,0.903,0.4404,audio_5037.wav,0.0,0.13464369546684685,-0.006826029861287608,0.00102654359656415,-0.12738262326093105,0.14757194654313743,0.4612846541063348,0.4185042465717991,-0.17662902540154612,-0.10372387167399243,-0.07519096956446518,-0.06267051882360691,0.011746931922732256,0.031291126129549325,-0.011501209880178465,0.09263563017838168
659.0,122.0,59.0,0.48360655737704916,5.341609016508593,10.83108411489306,4.336065573770492,2.2419643602032107,0.14754098360655737,5.0,24.4,9.748846085563152,164.0,1.3442622950819672,66.85500000000003,9.896666666666668,12.600000000000001,8.535,11.765,7.853316666666666,0.27049180327868855,0.1721311475409836,0.04918032786885246,0.01639344262295082,0.06557377049180328,0.13114754098360656,0.04918032786885246,0.00819672131147541,0.01639344262295082,0.13934426229508196,5.0,0.040983606557377046,0.0,0.0,121.84832422141189,2.030805403690198,0.109,0.016,0.875,0.902,audio_433.wav,3.0,0.34080215060005437,-0.08959759294565799,0.5193033056881939,0.19395909797707334,-0.11673989179041387,-0.11110367853807226,0.033176523483953495,-0.03783747806057464,-0.037883226545688056,-0.04480158576594887,-0.08055763337776323,-0.04632383506307353,-0.009829943286273958,-0.07882896107272559,-0.021674414196172272
685.0,135.0,67.0,0.4962962962962963,5.766441871019932,10.804992696972205,3.9925925925925925,2.189186543652252,0.1111111111111111,12.0,11.25,6.219927652312364,164.0,1.2148148148148148,91.96053482587065,3.2067910447761214,5.362189054726368,4.879104477611943,3.555721393034826,5.957903980099502,0.1925925925925926,0.2074074074074074,0.08148148148148149,0.05185185185185185,0.08148148148148149,0.1111111111111111,0.07407407407407407,0.044444444444444446,0.044444444444444446,0.08888888888888889,4.0,0.02962962962962963,0.0,0.0,134.83216204828364,2.2472027008047273,0.18,0.017,0.803,0.9674,audio_405.wav,5.0,0.3994112662114064,0.509368702609358,-0.01664747628649326,0.12841945715738476,2.24576470983219e-06,0.0021961057212613417,0.006628213397129713,0.02770641665299878,-0.1010657680132074,0.1140241404315084,-0.058473039568496865,0.01333953806342263,0.021528496460571395,-0.013875305637460297,-0.02591353283301121
369.0,71.0,53.0,0.7464788732394366,6.289942788427422,8.61335176359781,4.112676056338028,2.217404241701734,0.15492957746478872,4.0,17.75,3.6996621467371855,99.0,1.3943661971830985,70.8553697183099,7.786021126760563,9.353521126760564,6.385915492957746,7.280070422535211,7.852815492957746,0.28169014084507044,0.2112676056338028,0.11267605633802817,0.028169014084507043,0.056338028169014086,0.09859154929577464,0.08450704225352113,0.0,0.014084507042253521,0.16901408450704225,1.0,0.014084507042253521,0.0,0.0,70.90545938748335,1.1817576564580559,0.278,0.026,0.696,0.9702,audio_267.wav,4.0,0.2765224914306209,-0.09131714157286117,-0.1438757586648738,-0.06942723493632096,-0.026090122641431387,-0.0646903924925908,-0.013023091822991523,0.02151733679258201,-0.27119970107132724,0.012496155772802383,-0.024432121278253213,-0.08207036715579366,-0.14350393972509373,-0.06180207094729584,-0.10631718654117221
785.0,147.0,85.0,0.5782312925170068,7.010681840159742,10.218755828192439,4.204081632653061,2.3062729467477903,0.14965986394557823,12.0,12.25,10.978198091368789,200.0,1.3605442176870748,75.66923708920191,5.6447183098591545,7.831924882629109,6.940845070422537,5.847511737089203,7.670546009389671,0.22448979591836735,0.17687074829931973,0.08163265306122448,0.07482993197278912,0.10884353741496598,0.10204081632653061,0.027210884353741496,0.006802721088435374,0.02040816326530612,0.12244897959183673,3.0,0.02040816326530612,0.0,0.0,146.8172431192422,2.44695405198737,0.136,0.021,0.844,0.9446,audio_358.wav,5.0,0.2498814112660878,0.30608125344753717,0.014872684405076988,0.05106114185087663,0.06370941573479437,0.03631036354983189,0.002297830971453681,0.010459439636315508,-0.03213446789495469,-0.0031105235212017758,-0.02436546469417316,0.0756270000985403,0.04670866784562328,-0.0013202537754031522,0.082573251839331
721.0,131.0,84.0,0.6412213740458015,7.339114075952718,9.729690575405954,4.374045801526718,2.0577015186578818,0.13740458015267176,8.0,16.375,8.01463505095522,179.0,1.366412213740458,71.48250492125986,7.232746062992128,8.55472440944882,8.503937007874018,8.574035433070865,7.905159842519685,0.25190839694656486,0.183206106870229,0.10687022900763359,0.04580152671755725,0.03816793893129771,0.15267175572519084,0.061068702290076333,0.007633587786259542,0.030534351145038167,0.13740458015267176,0.0,0.0,0.0,0.0,130.9766697806953,2.1829444963449216,0.058,0.0,0.942,0.6757,audio_331.wav,5.0,0.2227196610686045,-0.1170210113496794,0.310362182371573,0.133816117226701,-0.06855077023708217,0.035711941447297946,0.018299203750864662,-0.0433735912881222,-0.01386762485472725,-0.0019691211769534284,0.018760649177853424,-0.012652791485505351,-0.0038039603737484557,0.00498718922267403,0.002929738379752404
410.0,83.0,43.0,0.5180722891566265,4.719863179556685,10.114178319026827,3.891566265060241,2.082700102148281,0.1566265060240964,1.0,83.0,0.0,105.0,1.2650602409638554,14.953333333333362,31.296296296296294,33.38765432098766,6.962962962962962,38.25888888888889,10.578174074074074,0.24096385542168675,0.26506024096385544,0.0963855421686747,0.0,0.024096385542168676,0.060240963855421686,0.13253012048192772,0.0,0.024096385542168676,0.1566265060240964,3.0,0.03614457831325301,0.0,0.0,82.89681074079661,1.3816135123466102,0.255,0.023,0.722,0.9723,audio_487.wav,2.5,0.12734639401546372,0.011559040074197391,-0.026756263493867553,-0.1366951894739819,-0.04374640570045238,-0.09883042201418545,0.048691913342530306,0.06476354618225239,-0.10099176105945844,-0.03852008860683056,0.025863792999145648,-0.05646094604979096,-0.037831330219713744,-0.03897358119531793,-0.039842886616851335
625.0,129.0,59.0,0.4573643410852713,5.1946603473211805,11.134944613902118,3.8217054263565893,1.7138270896071546,0.06976744186046512,4.0,32.25,13.571569548139964,158.0,1.2248062015503876,69.35835629921262,11.472814960629922,14.2748031496063,5.7826771653543325,12.951220472440944,7.324922047244095,0.1937984496124031,0.20930232558139536,0.046511627906976744,0.07751937984496124,0.05426356589147287,0.08527131782945736,0.07751937984496124,0.007751937984496124,0.031007751937984496,0.11627906976744186,0.0,0.0,0.0,0.0,128.83962151280437,2.1473270252134062,0.048,0.055,0.896,0.0276,audio_494.wav,3.0,0.2647706780770664,-0.11769193428399098,0.43380862867193315,0.10755776455663665,0.03666578569032301,-0.03978626420401947,0.018051484397207038,0.009783393698331054,-0.014515757582436577,-0.03255092616746524,-0.001123795790134075,0.03537659093872844,0.031521802407428155,0.06452922561958047,-0.09881345834982982
564.0,108.0,75.0,0.6944444444444444,7.216878364870322,9.282135280512433,4.12962962962963,2.1520558327492885,0.1574074074074074,6.0,18.0,4.864839839775475,145.0,1.3425925925925926,72.2439285714286,7.530238095238097,9.666666666666668,7.144761904761907,7.954285714285717,7.812880952380953,0.3148148148148148,0.1388888888888889,0.09259259259259259,0.046296296296296294,0.046296296296296294,0.12962962962962962,0.037037037037037035,0.018518518518518517,0.018518518518518517,0.08333333333333333,0.0,0.0,1.0,0.009259259259259259,119.58656819537087,1.9931094699228478,0.055,0.041,0.905,0.3673,audio_536.wav,2.5,0.24614141310980595,-0.07166280632976428,0.3517033666970539,-0.0039806063024081404,-0.099825072346635,0.025623456859252935,-0.10222599754503739,-0.1425659845099683,-0.028766196047473196,-0.055411242153771904,-0.045977337890505836,0.0016132419277653312,0.0425291218400653,-0.05826276067435128,0.059393873093224255
468.0,95.0,59.0,0.6210526315789474,6.053272277302409,9.56746373255635,3.8526315789473684,2.2335641616631317,0.14736842105263157,5.0,19.0,10.198039027185569,126.0,1.3263157894736841,71.2235384615385,7.84646153846154,9.038241758241758,5.901098901098898,7.234615384615388,7.48900021978022,0.24210526315789474,0.15789473684210525,0.07368421052631578,0.09473684210526316,0.05263157894736842,0.14736842105263157,0.07368421052631578,0.0,0.010526315789473684,0.1368421052631579,1.0,0.010526315789473684,0.0,0.0,94.88189181175515,1.5813648635292525,0.04,0.0,0.96,0.4019,audio_634.wav,4.0,0.2680380330863845,-0.0008500225943510378,0.40808429630288456,0.1099418173993989,-0.06991873051108052,-0.019754525103362192,0.05616324422778847,-0.05162151196660037,0.08793404559116827,0.04513655811168727,0.003956860127708824,-0.06054063756561503,0.03269978760790639,0.03225771646365458,0.04540191420228412
731.0,138.0,82.0,0.5942028985507246,6.980303552221739,10.064623214388632,4.253623188405797,2.1970388312747144,0.18115942028985507,6.0,23.0,4.281744192888376,189.0,1.3695652173913044,66.25921568627453,9.64852941176471,11.71372549019608,7.92794117647059,10.544215686274512,7.779443137254902,0.1956521739130435,0.18840579710144928,0.09420289855072464,0.057971014492753624,0.08695652173913043,0.09420289855072464,0.07971014492753623,0.021739130434782608,0.0,0.15942028985507245,3.0,0.021739130434782608,0.0,0.0,137.82843231602328,2.297140538600388,0.252,0.009,0.739,0.9905,audio_317.wav,3.5,0.3493383284983136,0.2255956527231534,-0.02703780572575252,0.11072437237354861,-0.031452968751975154,0.04446697844489368,-0.054158314990493374,-0.0033436255240260615,0.04885616367785069,0.04136601190031197,0.0532168893903609,-0.0029118158922064987,0.02384651212916146,-0.017069675332141897,0.13319204871087467
572.0,130.0,55.0,0.4230769230769231,4.823819106188661,11.510307446418286,3.3,1.4762217886316302,0.03076923076923077,9.0,14.444444444444445,12.26658615110452,144.0,1.1076923076923078,93.22037340619309,3.6245355191256827,5.4222222222222225,2.411475409836065,2.7593351548269602,1.0606342440801457,0.17692307692307693,0.18461538461538463,0.05384615384615385,0.046153846153846156,0.13846153846153847,0.09230769230769231,0.06153846153846154,0.015384615384615385,0.015384615384615385,0.09230769230769231,4.0,0.03076923076923077,0.0,0.0,132.9544982405901,2.2159083040098353,0.142,0.0,0.858,0.9522,audio_5054.wav,0.0,0.27564664951830775,-0.046388094554682104,0.12556990219214764,-0.06918831672869476,0.03929121370433634,-0.024527317308968666,1.7492774587298844e-05,0.031608654537426666,0.0066195450546814565,0.09714886061003469,-0.08623504675664172,0.02693500948307461,0.022650651202107627,-0.04832261579374337,0.04487934616007194
788.0,146.0,81.0,0.5547945205479452,6.70360769767918,10.38506761271467,4.342465753424658,2.5412712711327585,0.1506849315068493,6.0,24.333333333333332,8.556998435328957,211.0,1.4452054794520548,57.10488262910799,11.17380281690141,13.692018779342725,8.845070422535212,11.863685446009391,7.479099061032864,0.2671232876712329,0.18493150684931506,0.07534246575342465,0.0684931506849315,0.07534246575342465,0.1232876712328767,0.0821917808219178,0.00684931506849315,0.0136986301369863,0.13013698630136986,1.0,0.00684931506849315,0.0,0.0,145.818486363329,2.4303081060554828,0.162,0.035,0.803,0.966,audio_723.wav,5.0,0.3146131080383133,-0.18850012155515763,-0.17501804907181526,0.08896601776766636,0.3549151955699755,-0.151502305609085,-0.09716741747233142,-0.20906534650176872,-0.14703361385187094,-0.05215502074865268,0.05736980843342979,0.006058684416903638,-0.12017183706386884,-0.04605517438052175,-0.028375450331089038
731.0,130.0,87.0,0.6692307692307692,7.630404767971155,9.563334772613244,4.476923076923077,2.493731786871249,0.2153846153846154,8.0,16.25,3.418698582794336,182.0,1.4,70.30437500000001,7.428124999999998,9.2125,8.721875,8.795312500000001,7.63744375,0.24615384615384617,0.19230769230769232,0.09230769230769231,0.038461538461538464,0.06923076923076923,0.12307692307692308,0.06923076923076923,0.023076923076923078,0.046153846153846156,0.09230769230769231,1.0,0.007692307692307693,0.0,0.0,129.82689747003994,2.163781624500666,0.139,0.014,0.847,0.9489,audio_155.wav,3.5,0.15620908623476149,0.000302971059426147,0.0359779236764428,-0.057317123547720346,0.03614291641808403,-0.052168062372151144,-0.005668679711532542,-0.026113174789991405,0.0009220496895519402,0.011905199001218735,-0.007966965342566117,0.09857046455186569,-0.04859328189250725,-0.06528356569271719,0.05038490519318863
462.0,107.0,52.0,0.48598130841121495,5.02702974303745,10.678673779463146,3.2710280373831777,1.6720354904896295,0.04672897196261682,5.0,21.4,15.21315220458929,117.0,1.0934579439252337,88.33001980198023,5.957306930693068,8.08,2.8336633663366335,5.551386138613864,6.045449702970297,0.17757009345794392,0.24299065420560748,0.12149532710280374,0.102803738317757,0.102803738317757,0.056074766355140186,0.07476635514018691,0.0,0.028037383177570093,0.11214953271028037,4.0,0.037383177570093455,0.0,0.0,138.93698060941827,2.315616343490305,0.279,0.021,0.7,0.9874,audio_410.wav,2.0,0.15913894888129007,-0.06566645384206034,-0.04844282820119453,-0.05667015213771756,0.37266778871047873,-0.1586731271390993,-0.00632668533077494,-0.31382687529363235,-0.03986364889099913,-0.054366686381018825,0.058697725652418604,0.027471770492220465,0.18811643969321787,-0.03551026729427312,-0.0004118930983063097
157.0,28.0,25.0,0.8928571428571429,4.72455591261534,6.790447225605169,4.571428571428571,2.025349554108261,0.17857142857142858,2.0,14.0,7.0,37.0,1.3214285714285714,80.83214285714287,5.462857142857143,8.457142857142857,8.599999999999998,7.437857142857144,8.278400000000001,0.25,0.21428571428571427,0.07142857142857142,0.0,0.10714285714285714,0.10714285714285714,0.03571428571428571,0.0,0.10714285714285714,0.10714285714285714,0.0,0.0,0.0,0.0,83.74875373878365,1.3958125623130608,0.0,0.097,0.903,-0.4404,audio_251.wav,2.0,0.06195368101411149,0.0688084018482282,0.0832401636579383,0.055604171491876686,-0.02243758590759552,-0.0014290927539903748,0.0016853613178506293,-0.018924165230612876,0.0002863922232350408,0.024749691797584492,-0.05384043589658664,-0.03645137255625516,0.02627139679403035,-0.010881056869595299,0.024346857573276096
737.0,140.0,73.0,0.5214285714285715,6.169626059518171,10.617922153411032,4.164285714285715,2.3622347599729565,0.12857142857142856,7.0,20.0,14.372592966177974,176.0,1.2571428571428571,80.18071428571432,7.044285714285717,8.285714285714286,6.997142857142858,8.68842857142857,6.658642857142857,0.2571428571428571,0.16428571428571428,0.04285714285714286,0.07857142857142857,0.04285714285714286,0.12142857142857143,0.06428571428571428,0.0,0.014285714285714285,0.12857142857142856,2.0,0.014285714285714285,0.0,0.0,139.8259458278497,2.3304324304641617,0.078,0.015,0.907,0.856,audio_779.wav,5.0,0.2705544431388601,0.4796815828308909,-0.034262076537292255,0.08937926037965785,0.017406971587995854,0.0214563772147397,-0.007330951637922077,-0.04352305709513026,-0.07480816602149021,-0.020012382908263647,-0.06426597074687312,-0.09866771025973917,0.023228483756266537,0.023297522579702926,0.023840293548617733
695.0,133.0,82.0,0.6165413533834586,7.110301750097784,9.892058686358263,4.06015037593985,2.2302075108152724,0.16541353383458646,6.0,22.166666666666668,11.9501278468289,179.0,1.3458646616541354,71.15621890547267,8.882686567164178,12.51542288557214,6.550746268656717,9.490547263681592,7.454457213930348,0.18796992481203006,0.21804511278195488,0.06766917293233082,0.05263157894736842,0.12781954887218044,0.07518796992481203,0.06766917293233082,0.022556390977443608,0.03007518796992481,0.08270676691729323,1.0,0.007518796992481203,0.0,0.0,132.83464853645722,2.2139108089409536,0.171,0.044,0.785,0.9562,audio_382.wav,4.0,0.2606340227353066,-0.12816239628075504,-0.06252363073385139,0.060004916466971335,0.1741176559831812,-0.040454515101127186,-0.04627316473715905,-0.07822685441835361,-0.023409763299873806,0.013000206809429909,0.024069081167336366,-0.03202605094366169,0.05459523308797201,0.04214957845683924,0.1918819923310844
328.0,60.0,44.0,0.7333333333333333,5.680375574437544,8.46173177259672,4.383333333333334,2.456906365511085,0.18333333333333332,4.0,15.0,8.06225774829855,87.0,1.45,67.11459745762713,7.5625000000000036,8.611864406779661,8.047457627118643,7.499237288135596,8.650133898305086,0.26666666666666666,0.18333333333333332,0.11666666666666667,0.03333333333333333,0.1,0.16666666666666666,0.03333333333333333,0.0,0.016666666666666666,0.13333333333333333,0.0,0.0,0.0,0.0,59.92540535479273,0.9987567559132121,0.209,0.029,0.763,0.91,audio_559.wav,3.0,0.21357633029439377,-0.030543387687115252,-0.012154653720028233,-0.34950965548058666,-0.18581811961115174,0.0003736042111670782,-0.20094705486118258,-0.10575183454989151,-0.1499842007861305,-0.09230089115298384,-0.0313542202087326,0.06338254306270043,0.06382255890118226,0.14485795905445142,0.016806704002485042
217.0,41.0,32.0,0.7804878048780488,4.997560380435394,7.7369072623334265,4.2926829268292686,3.0141447230781284,0.17073170731707318,1.0,41.0,0.0,61.0,1.4878048780487805,39.351707317073206,17.95609756097561,20.302439024390246,8.375609756097564,19.403414634146344,8.751075609756096,0.3170731707317073,0.1951219512195122,0.07317073170731707,0.024390243902439025,0.04878048780487805,0.12195121951219512,0.0975609756097561,0.04878048780487805,0.0,0.04878048780487805,0.0,0.0,0.0,0.0,40.94540612516644,0.6824234354194407,0.188,0.0,0.812,0.8316,audio_161.wav,3.0,0.14489989399398187,-0.08833702908904269,-0.1019005974862992,0.0342594564413566,0.23526206115032325,-0.13301009478245962,-0.03199853825133877,-0.18987660633828227,-0.062148906061157985,-0.029096314105222117,0.06539141151064903,0.05790015022366098,-0.040203027929805,-0.01928275417516684,0.0489908025738533
841.0,158.0,102.0,0.6455696202531646,8.114684298592445,9.826087132787162,4.1455696202531644,2.4020717570808907,0.20253164556962025,12.0,13.166666666666666,4.179978734661485,222.0,1.4050632911392404,71.85332251082252,6.425389610389612,8.509956709956711,6.5623376623376615,6.028744588744587,8.476864502164503,0.25316455696202533,0.20253164556962025,0.08227848101265822,0.08860759493670886,0.056962025316455694,0.10126582278481013,0.04430379746835443,0.0,0.06329113924050633,0.12658227848101267,1.0,0.006329113924050633,0.0,0.0,157.80356743428752,2.6300594572381253,0.145,0.032,0.824,0.9558,audio_535.wav,2.5,0.1943980711078823,-0.030495805792841696,-0.03658942600401312,-0.08761654248044341,0.044557791588213255,-0.1627141283827485,0.10792235909425685,0.12361282417666078,-0.10075534348755415,-0.09497571071807413,0.13936554907051793,-0.16224061191425984,-0.08249335360642711,-0.08148921807115393,-0.04393333833049427
476.0,80.0,61.0,0.7625,6.8200073313743586,8.677374036559883,4.775,2.529698598647673,0.2625,9.0,8.88888888888889,6.384781288248286,111.0,1.3875,75.10978084415586,5.174139610389609,6.447402597402598,9.898701298701297,7.850032467532468,10.060783116883117,0.275,0.3,0.0625,0.0625,0.0375,0.1,0.0125,0.025,0.0125,0.2625,0.0,0.0,0.0,0.0,108.80082507292349,1.8133470845487245,0.098,0.104,0.798,-0.3612,audio_363.wav,5.0,0.25900179003845636,0.5833324223835712,-0.008133531362176953,0.16332704718540647,0.010841551142907633,0.05985471207133231,-0.010762735695840162,-0.03761712660086225,0.011465588490269121,-0.037471751178820734,-0.029685665127101874,-0.09665196515854152,0.003387956307366203,0.047748768325437986,0.08867547868799573
638.0,137.0,63.0,0.45985401459854014,5.382453243615593,11.162421326611751,3.510948905109489,2.075638283049541,0.08759124087591241,14.0,9.785714285714286,3.0978926346002056,169.0,1.2335766423357664,91.14083333333336,2.9425661375661356,4.449735449735449,1.7955555555555556,0.9754285714285729,5.635304232804232,0.15328467153284672,0.27007299270072993,0.145985401459854,0.029197080291970802,0.08759124087591241,0.10218978102189781,0.029197080291970802,0.043795620437956206,0.051094890510948905,0.16058394160583941,3.0,0.021897810218978103,0.0,0.0,136.82967556011008,2.280494592668501,0.085,0.0,0.915,0.8765,audio_5057.wav,0.0,0.3306759458705451,-0.041033190088551705,-0.046521255571068856,0.0035787646180901822,0.04456472765225944,-0.02130550514393311,0.10976306137058299,0.0634501950312864,-0.16541956767396934,0.18333309772678896,-0.2013107813714843,0.09435066517411136,-0.05374157358756681,0.07976858806914544,0.011578711109784987
655.0,124.0,79.0,0.6370967741935484,7.094409430057609,9.71260533513152,4.080645161290323,2.164958370282725,0.12903225806451613,17.0,7.294117647058823,3.443061323920447,157.0,1.2661290322580645,88.53750000000001,2.7733333333333334,4.333333333333334,4.855,3.3580000000000005,7.429666666666667,0.27419354838709675,0.1935483870967742,0.06451612903225806,0.04838709677419355,0.07258064516129033,0.0967741935483871,0.03225806451612903,0.008064516129032258,0.024193548387096774,0.14516129032258066,0.0,0.0,0.0,0.0,123.84583773323831,2.064097295553972,0.0,0.012,0.988,-0.128,audio_660.wav,4.5,0.2073368696907588,-0.05942731824936533,0.275536209254673,0.07528072517537908,-0.0747848113254654,-0.0327821211595434,-0.029851114758978763,-0.10718092802867434,-0.018831238376739664,0.020492527772893128,-0.012552120600419981,-0.03976348657153232,-0.005111539473159547,-0.0615788633746079,0.049842352765691184
736.0,136.0,78.0,0.5735294117647058,6.688444820557844,10.196796661473455,4.338235294117647,2.488859259826661,0.19117647058823528,6.0,22.666666666666668,6.262764742685312,186.0,1.3676470588235294,67.43750000000001,9.442777777777781,10.777777777777779,8.232592592592592,10.82311111111111,8.027462962962963,0.19117647058823528,0.19117647058823528,0.0661764705882353,0.07352941176470588,0.15441176470588236,0.16176470588235295,0.058823529411764705,0.014705882352941176,0.014705882352941176,0.1323529411764706,3.0,0.022058823529411766,0.0,0.0,135.83091880419687,2.2638486467366143,0.216,0.0,0.784,0.9704,audio_293.wav,5.0,0.3167663662987717,-0.12481815753201485,-0.13254700561615546,-0.04269642725224868,0.15948098755659873,-0.041552594588467384,0.03402657466421295,-0.12296525128765443,-0.006098657412269757,0.08283615448978209,-0.08878850104051832,-0.011055422838894886,-0.1534647002307476,-0.058558999279774114,0.0669199475048624
447.0,90.0,51.0,0.5666666666666667,5.375872022286245,9.857079748457597,3.8444444444444446,2.0543239553634782,0.12222222222222222,4.0,22.5,10.735455276791944,116.0,1.288888888888889,75.90199175824178,8.32425824175824,11.737362637362637,5.206593406593409,8.422692307692309,7.541163736263737,0.26666666666666666,0.13333333333333333,0.05555555555555555,0.06666666666666667,0.14444444444444443,0.12222222222222222,0.044444444444444446,0.011111111111111112,0.06666666666666667,0.044444444444444446,1.0,0.011111111111111112,0.0,0.0,119.84021304926765,1.9973368841544605,0.252,0.024,0.725,0.9794,audio_74.wav,4.0,0.3709520808388064,-0.2305178706938786,-0.305103371228697,0.35855791941307485,-0.21160861721656363,0.11581319061520558,-0.06303508351010609,0.1036768221217235,-0.07037052859339095,-0.025100027008262974,0.1011031709451056,0.12190023195177198,0.044210770783301274,-0.0682730779386117,0.09630580834626233
771.0,146.0,95.0,0.6506849315068494,7.862255941722496,9.748021079080601,4.198630136986301,2.2683645155772734,0.136986301369863,5.0,29.2,12.576167937809991,200.0,1.36986301369863,60.71034482758621,11.995862068965518,14.082758620689654,7.6993103448275875,13.436689655172415,7.797313793103449,0.23972602739726026,0.21232876712328766,0.0684931506849315,0.08904109589041095,0.0684931506849315,0.10273972602739725,0.07534246575342465,0.02054794520547945,0.0136986301369863,0.10273972602739725,2.0,0.0136986301369863,0.0,0.0,145.81833465807182,2.43030557763453,0.184,0.0,0.816,0.9825,audio_215.wav,4.0,0.3208872668572074,-0.1100435436322116,-0.01743951190886952,0.0029725846749107773,0.1986423819274409,-0.09410761064742187,0.015069904309287053,-0.14860996458475648,-0.09540421085798158,0.10146680838136016,-0.05494627840232982,0.10525781623665856,-0.0896430935556274,0.009579253001457467,0.05519129226277871
383.0,71.0,44.0,0.6197183098591549,5.221839296052955,9.23827556112128,4.253521126760563,2.442108935402056,0.19718309859154928,5.0,14.2,5.3814496188294845,97.0,1.3661971830985915,76.84171830985916,6.069126760563382,7.370140845070423,7.112676056338028,6.433802816901405,7.23194676056338,0.22535211267605634,0.19718309859154928,0.028169014084507043,0.09859154929577464,0.056338028169014086,0.18309859154929578,0.04225352112676056,0.014084507042253521,0.0,0.15492957746478872,2.0,0.028169014084507043,1.0,0.014084507042253521,70.72769836130895,1.1787949726884825,0.19,0.0,0.81,0.9225,audio_228.wav,3.0,0.33344696711856053,0.35986421151463577,-0.004270876083281743,0.03602669165248645,-0.015627667626190323,-0.009192529709175334,0.046792781792604245,0.04126393392670426,0.05241618653576414,0.06440075331548506,-0.07136771954016152,0.1173857517263481,0.12111357392189441,0.1607389959138707,-0.061444953288997906
627.0,123.0,64.0,0.5203252032520326,5.770685661871567,10.520343645964463,4.105691056910569,1.9992397259433246,0.12195121951219512,1.0,123.0,0.0,156.0,1.2682926829268293,-25.172049180327846,47.07852459016394,50.11147540983607,7.965573770491801,59.10491803278689,12.664503278688525,0.21951219512195122,0.18699186991869918,0.04878048780487805,0.04065040650406504,0.04878048780487805,0.10569105691056911,0.11382113821138211,0.016260162601626018,0.024390243902439025,0.13821138211382114,5.0,0.04065040650406504,0.0,0.0,122.97809452691237,2.049634908781873,0.126,0.018,0.855,0.9231,audio_602.wav,2.0,0.4273031426293769,-0.08876429254752875,0.47415448767820145,0.03450343778012828,-0.11717364168570227,-0.09062450430465528,0.006485000581437209,-0.037191938727468045,-0.08635699777725385,-0.045405521546785274,-0.0582277056593409,0.05662017863022956,0.14474165444118103,-0.06313283749785828,-0.03416694573808852
712.0,135.0,60.0,0.4444444444444444,5.163977794943222,11.309148037986075,4.140740740740741,1.9894647073204204,0.14074074074074075,11.0,12.272727272727273,3.9101478486557393,181.0,1.3407407407407408,77.0503146853147,5.44832167832168,6.265734265734267,6.635384615384616,5.601629370629372,6.530451048951049,0.23703703703703705,0.2222222222222222,0.05925925925925926,0.044444444444444446,0.0962962962962963,0.1111111111111111,0.044444444444444446,0.007407407407407408,0.014814814814814815,0.15555555555555556,0.0,0.0,0.0,0.0,134.83216204828364,2.2472027008047273,0.009,0.0,0.991,0.0387,audio_396.wav,2.0,0.24088852717714515,-0.12212303562027128,0.49650452155040303,0.1260026478749602,0.0027279604234008493,-0.035654465935540426,-0.033812241085493105,-0.027103525436630853,-0.002836155654480696,-0.06029096605580002,0.04747827621768417,0.018125604135907823,-0.03772044733592589,0.0683894002946756,-0.011178993402896463
635.0,120.0,61.0,0.5083333333333333,5.5685126679691885,10.597820803581774,4.175,2.3117904316784426,0.11666666666666667,8.0,15.0,9.785192895390463,154.0,1.2833333333333334,83.04,5.403333333333336,8.0,6.441666666666666,6.323,7.012166666666667,0.25,0.20833333333333334,0.05,0.041666666666666664,0.058333333333333334,0.11666666666666667,0.05,0.041666666666666664,0.03333333333333333,0.075,6.0,0.05,0.0,0.0,119.85081070958546,1.9975135118264242,0.164,0.048,0.788,0.7543,audio_576.wav,2.0,0.3299851947624581,0.5121825052715243,0.009667319555702204,0.06686173497019625,0.02405974581225693,-0.04919019647746725,-0.017888575282302033,0.05705222442108916,-0.054773132381194925,0.02750726728146389,-0.04043465925240547,0.0632737056762089,0.02117744581406195,-0.1797457570452899,-0.0930676566111703
408.0,93.0,48.0,0.5161290322580645,4.977368134706041,10.267909054854357,3.2795698924731185,1.5544980962151569,0.03225806451612903,3.0,31.0,13.063945294843617,101.0,1.086021505376344,77.55196078431375,9.481176470588235,11.333333333333334,3.9670588235294133,10.690078431372548,6.342186274509803,0.13978494623655913,0.24731182795698925,0.03225806451612903,0.06451612903225806,0.16129032258064516,0.10752688172043011,0.08602150537634409,0.010752688172043012,0.021505376344086023,0.16129032258064516,0.0,0.0,1.0,0.010752688172043012,92.88437829992873,1.5480729716654789,0.043,0.039,0.918,0.0772,audio_5040.wav,0.0,0.2695398848005525,-0.0496079709122389,-0.07155090566846885,-0.15299039701820613,-0.039717707885328316,0.035031621308519625,0.16956193685725393,-0.05178265803684906,0.07190672900967607,0.19486719462847352,-0.2991331512071407,0.012051219788212062,0.0359703927458482,0.2673068788899478,0.1017628517203038
369.0,76.0,47.0,0.618421052631579,5.391269745958201,9.331256314666378,3.789473684210526,2.1601400385506455,0.10526315789473684,5.0,15.2,5.1536394906900505,99.0,1.3026315789473684,81.20436842105265,5.709052631578949,8.711578947368421,4.231578947368423,4.390263157894736,6.260288421052632,0.21052631578947367,0.17105263157894737,0.06578947368421052,0.11842105263157894,0.05263157894736842,0.09210526315789473,0.06578947368421052,0.0,0.0,0.10526315789473684,0.0,0.0,0.0,0.0,75.98638577254908,1.266439762875818,0.147,0.0,0.853,0.9077,audio_198.wav,4.0,0.22391871690900964,-0.029905716242162747,0.0011579495091584605,-0.41939711661164075,-0.21219870739652733,0.24225705872268558,-0.07383449434567177,-0.2563836461796203,-0.1334734258649372,-0.14221128686364926,-0.04220127065282599,0.043423274508360296,0.01583739633247381,0.07434293298358763,0.04274363227393819
597.0,124.0,58.0,0.46774193548387094,5.208553758776472,10.995906383179378,3.7096774193548385,1.9167100237898707,0.0967741935483871,9.0,13.777777777777779,6.956655929999346,159.0,1.282258064516129,85.12657777777778,4.836266666666667,7.155555555555556,3.505600000000001,3.337084444444443,7.609708888888889,0.25,0.1532258064516129,0.07258064516129033,0.06451612903225806,0.10483870967741936,0.11290322580645161,0.10483870967741936,0.0,0.008064516129032258,0.0967741935483871,5.0,0.04032258064516129,1.0,0.008064516129032258,123.84583773323831,2.064097295553972,0.203,0.0,0.797,0.9778,audio_600.wav,2.0,0.3089981005995612,0.011087431674127058,-0.012876616921865296,-0.1613644664016265,0.001982581848776546,-0.22574267949277332,0.19937665646462255,0.2078047310468537,-0.23610851455767914,0.002925109479012403,0.022277764351242405,-0.16308528786459658,0.0354324369710558,-0.23098972756985892,-0.07120796613994829
460.0,79.0,55.0,0.6962025316455697,6.187983455093131,8.964120525517481,4.708860759493671,2.3284258752559523,0.21518987341772153,5.0,15.8,3.54400902933387,110.0,1.3924050632911393,73.00053164556962,7.002379746835448,8.345316455696205,9.637974683544307,9.244936708860763,7.618154683544304,0.24050632911392406,0.20253164556962025,0.02531645569620253,0.10126582278481013,0.06329113924050633,0.11392405063291139,0.06329113924050633,0.0379746835443038,0.02531645569620253,0.11392405063291139,0.0,0.0,0.0,0.0,78.90178371714376,1.3150297286190626,0.222,0.018,0.759,0.959,audio_710.wav,4.0,0.26805735204105446,0.6117683923175404,-0.054653874504030954,0.14538991040143237,-0.0047631736770481605,0.036089878913945356,-0.08741639215708641,-0.09907228210627558,0.019694021868814863,-0.10479921637483199,0.027784892915728037,-0.2189255228624323,-0.05846486844127993,0.07534888496628753,0.035627054375631115
423.0,73.0,45.0,0.6164383561643836,5.266851623825876,9.292534767984588,4.684931506849315,2.2808116335281734,0.1917808219178082,4.0,18.25,11.431863365173676,116.0,1.5890410958904109,53.87837328767125,10.27818493150685,10.587671232876714,9.75068493150685,10.341712328767123,8.867727397260275,0.273972602739726,0.1780821917808219,0.0547945205479452,0.0958904109589041,0.0273972602739726,0.0821917808219178,0.0684931506849315,0.0547945205479452,0.0,0.1095890410958904,0.0,0.0,0.0,0.0,72.90279627163781,1.215046604527297,0.07,0.028,0.902,0.4927,audio_246.wav,3.0,0.22689097864645397,-0.07441885681694282,0.41850968285955864,0.08565713913583399,-0.021387722445795287,-0.022741487580139698,-0.008100306527022923,0.01247771108279143,-0.00796993701305564,-0.012426474386871323,-0.003202863845696159,0.027476849260012808,-0.05771233033821793,0.0393462352554768,0.04328838970370148
568.0,117.0,63.0,0.5384615384615384,5.824352060364905,10.331225891905884,3.8290598290598292,2.0055077933633156,0.13675213675213677,4.0,29.25,7.917543811056558,155.0,1.3247863247863247,63.627663043478265,11.526847826086957,13.23913043478261,5.7652173913043505,11.539260869565219,7.671282608695652,0.15384615384615385,0.19658119658119658,0.10256410256410256,0.08547008547008547,0.20512820512820512,0.10256410256410256,0.042735042735042736,0.0,0.02564102564102564,0.13675213675213677,1.0,0.008547008547008548,1.0,0.008547008547008548,116.85454044184583,1.9475756740307637,0.239,0.059,0.702,0.9738,audio_490.wav,2.5,0.28047023135243104,-0.05546786137057629,-0.05751573137917813,-0.1669767962687831,-0.016531716521508293,-0.0826533643797108,0.13264364737119677,0.12548477597392044,0.13359368186224677,-0.1639597540191573,0.12522632312436974,0.002061401119339597,-0.07434945235160383,0.12539274026041206,-0.08027497967769186
561.0,100.0,61.0,0.61,6.1,9.686644342076903,4.53,2.3300429180596653,0.17,6.0,16.666666666666668,8.749603165604459,134.0,1.34,69.20572580645164,7.4571505376344085,8.350537634408601,10.541935483870969,10.072580645161292,9.159278494623656,0.24,0.1,0.13,0.16,0.04,0.13,0.08,0.01,0.02,0.07,2.0,0.02,1.0,0.01,99.87567559132121,1.664594593188687,0.215,0.0,0.785,0.9694,audio_657.wav,5.0,0.21856358240328458,-0.0009906934732517043,0.22014789075343943,0.0005395929854868798,-0.016024111860050278,-0.013728485872096862,0.018602124822935506,0.04534561682136799,-0.009964409362145502,0.04211285834475009,-0.026136293487807712,0.06783864407307312,0.06717024692922836,0.0031482479265744615,0.026189210799134433
364.0,69.0,44.0,0.6376811594202898,5.296977535773845,9.10161401678382,4.188405797101449,2.451118421555379,0.18840579710144928,4.0,17.25,2.8613807855648994,88.0,1.2753623188405796,80.09764705882354,6.310588235294119,9.741176470588236,7.108823529411765,7.641617647058823,7.962788235294118,0.2898550724637681,0.18840579710144928,0.028985507246376812,0.014492753623188406,0.014492753623188406,0.10144927536231885,0.057971014492753624,0.043478260869565216,0.014492753623188406,0.10144927536231885,1.0,0.014492753623188406,0.0,0.0,67.83028093655759,1.13050468227596,0.161,0.0,0.839,0.8779,audio_688.wav,5.0,0.2846624935981851,0.5744049495987305,-0.02084377727208948,0.14387605455898494,-0.009395853515393697,0.03412043870810369,-0.007435509305536855,-0.037939327074500526,0.028151540394436327,-0.0416837448077721,-0.10500843433034056,-0.12788427313275677,0.04037734318769163,0.05293462424210159,0.05777749257647558
572.0,109.0,56.0,0.5137614678899083,5.3638271972384475,10.45959757146867,4.137614678899083,2.122262467266482,0.1834862385321101,9.0,12.11111111111111,4.4583116994975285,141.0,1.2935779816513762,76.27122222222225,5.381333333333334,6.844444444444445,7.693999999999999,6.403855555555559,9.082511111111112,0.27522935779816515,0.22935779816513763,0.01834862385321101,0.09174311926605505,0.06422018348623854,0.12844036697247707,0.06422018348623854,0.0,0.0,0.2018348623853211,2.0,0.01834862385321101,0.0,0.0,108.86448639454012,1.8144081065756688,0.138,0.0,0.862,0.9186,audio_698.wav,5.0,0.2376413915754443,0.3444157647751682,0.023172762087722096,0.05108759828226221,0.062225366758628047,0.03940858459569602,-0.022764825093543252,0.04131276728149346,0.03498832762883636,-0.005555749710621715,-0.06824021926900518,-0.14483464427736095,0.14079529750420253,-0.014097908433643348,0.034297921461501
395.0,77.0,49.0,0.6363636363636364,5.584068246522259,9.245268600344227,4.116883116883117,1.6354357294921056,0.09090909090909091,2.0,38.5,10.5,101.0,1.3116883116883118,55.836052631578966,14.911578947368422,15.726315789473686,7.613157894736844,17.40157894736842,8.637747368421053,0.2727272727272727,0.16883116883116883,0.012987012987012988,0.05194805194805195,0.05194805194805195,0.06493506493506493,0.05194805194805195,0.012987012987012988,0.012987012987012988,0.11688311688311688,0.0,0.0,0.0,0.0,76.90427020531733,1.281737836755289,0.017,0.0,0.983,0.0772,audio_499.wav,2.5,0.22844595942756804,-0.09811490006120316,0.40562971898578337,0.14570681878539554,-0.054138610028206295,-0.08077881097197236,-0.02124517467943087,-0.10257444237305326,-0.052700716074988205,-0.0473098520602695,-0.027600107875364578,-0.005658720944572242,-0.012958454326629539,0.05274498420331082,0.01336402113040648
591.0,99.0,74.0,0.7474747474747475,7.437279832918169,8.950771825340574,4.8686868686868685,2.5331996162734933,0.26262626262626265,7.0,14.142857142857142,6.423807758833462,157.0,1.5858585858585859,51.90500000000003,9.35565349544073,11.32887537993921,11.736170212765963,10.237264437689973,11.021706079027355,0.3939393939393939,0.15151515151515152,0.0707070707070707,0.04040404040404041,0.050505050505050504,0.1111111111111111,0.06060606060606061,0.0,0.010101010101010102,0.10101010101010101,0.0,0.0,0.0,0.0,98.876918835408,1.6479486472568001,0.084,0.0,0.916,0.8074,audio_463.wav,4.0,0.12696246585484997,-0.02877402378831022,-0.01894030973221468,-0.06963915316815025,0.03665237974170702,-0.08185658013765969,0.019834779590789366,-0.0051732569897639845,0.01099720943900686,-0.030320954136584824,0.06836939394165195,0.07087540070132568,-0.052236389096319454,0.04455307478931189,0.0730879856855644
590.0,114.0,69.0,0.6052631578947368,6.462442099913688,9.839225769227106,4.078947368421052,2.144535024408351,0.12280701754385964,7.0,16.285714285714285,7.7222181438511885,154.0,1.3508771929824561,77.70120689655174,6.538374384236455,9.042364532019706,5.813793103448276,6.142352216748769,7.99758078817734,0.2543859649122807,0.14912280701754385,0.09649122807017543,0.08771929824561403,0.05263157894736842,0.13157894736842105,0.03508771929824561,0.017543859649122806,0.03508771929824561,0.09649122807017543,4.0,0.03508771929824561,0.0,0.0,113.85827017410618,1.8976378362351032,0.113,0.0,0.887,0.8996,audio_604.wav,4.5,0.24446666646268808,0.4535292567051711,-0.00912328539216268,0.10730356859274873,0.020621795148665287,0.10030946817801219,-0.06878087519632443,-0.06415283641585559,-0.04357893103405486,-0.029757119489214133,-0.07659368078213553,-0.18485787699258133,0.016512361661350033,-0.01958353564041697,0.019189620835637106
547.0,108.0,62.0,0.5740740740740741,5.965952781626132,9.996635289435769,3.861111111111111,2.105804734595996,0.1388888888888889,9.0,12.0,6.831300510639732,141.0,1.3055555555555556,81.38761904761907,4.805714285714284,6.19047619047619,4.6971428571428575,4.275047619047619,6.3205,0.21296296296296297,0.2037037037037037,0.06481481481481481,0.05555555555555555,0.16666666666666666,0.12962962962962962,0.046296296296296294,0.0,0.10185185185185185,0.08333333333333333,3.0,0.027777777777777776,0.0,0.0,143.80825565912116,2.396804260985353,0.19,0.014,0.796,0.9646,audio_97.wav,4.0,0.2704388674774843,-0.06610034248116459,-0.08967063214141067,-0.06718018416512916,-0.04610600521863544,0.037048758096957735,0.1414954605747032,-0.021379622024596985,0.39651602634020533,0.1717122949322741,-0.21463957234372624,-0.0014191876261880742,0.0200223369203911,-0.05040303146148196,0.003148125253747567
411.0,64.0,49.0,0.765625,6.125,8.410055928316343,5.296875,2.843191909522641,0.375,3.0,21.333333333333332,8.178562764256865,105.0,1.640625,46.38479166666667,12.089375,14.783333333333331,13.534375,14.847291666666663,9.629008333333333,0.28125,0.1875,0.109375,0.046875,0.03125,0.15625,0.09375,0.015625,0.046875,0.109375,0.0,0.0,0.0,0.0,63.91478029294274,1.0652463382157125,0.261,0.0,0.739,0.9377,audio_234.wav,3.0,0.21959096582694673,0.538412147228074,-0.034063105025485214,0.1345793568635179,0.032439103687847484,0.029219928781267862,-0.08762057250467956,-0.04981256949566198,0.022849768373841662,-0.07556850618841958,0.06964431731044797,-0.037306369175143544,-0.08528619549701343,0.05463484831567372,-0.026866694616281543
527.0,112.0,66.0,0.5892857142857143,6.236413804652249,9.927562899081176,3.6339285714285716,2.314533028011288,0.11607142857142858,6.0,18.666666666666668,8.768630958643937,142.0,1.2678571428571428,76.46126947040501,7.02481308411215,9.750155763239874,4.6018691588785074,6.018535825545172,6.734584735202493,0.19642857142857142,0.22321428571428573,0.05357142857142857,0.11607142857142858,0.07142857142857142,0.125,0.044642857142857144,0.0,0.008928571428571428,0.14285714285714285,1.0,0.008928571428571428,0.0,0.0,110.70783202310531,1.8451305337184218,0.209,0.0,0.791,0.9747,audio_782.wav,5.0,0.3206930687209684,-0.049112641628232846,-0.09006096634949534,-0.22114422250654506,-0.1539264979002767,0.10976084420469107,-0.047125737027643694,-0.09640039106270541,-0.1115557515171619,0.2860219458533373,0.011446067434404253,-0.09446564213548825,0.06173439976787934,-0.12861409138386357,-0.016746381622516678
410.0,80.0,49.0,0.6125,5.4783665448744845,9.427980474389331,4.0,1.9937402037376886,0.15,10.0,8.0,4.959838707054898,91.0,1.1375,94.45430930930931,2.1274774774774805,3.829429429429429,5.681081081081082,4.130705705705708,9.165403303303304,0.2125,0.2125,0.0875,0.075,0.0125,0.0375,0.0875,0.0125,0.0375,0.15,0.0,0.0,0.0,0.0,86.27303843980603,1.437883973996767,0.128,0.032,0.841,0.7841,audio_758.wav,4.0,0.16135033501694276,0.20612147534314074,0.009378209741783312,0.041216027661842035,-0.01870008004159906,0.019838107912284884,0.01519854128363243,0.0010707536549657214,-0.04839749061455483,0.05659888599516767,-0.032084011034883134,-0.03178001288423748,0.010006253666125032,-0.08457201007853772,-0.016504397415530878
674.0,138.0,68.0,0.4927536231884058,5.788544409159491,10.85459179129543,3.8333333333333335,2.1722336508341877,0.15942028985507245,8.0,17.25,8.0583807306431,180.0,1.3043478260869565,77.60941176470591,6.657647058823532,7.976470588235294,5.01911764705882,5.736838235294119,6.801758823529411,0.2391304347826087,0.16666666666666666,0.07971014492753623,0.07971014492753623,0.12318840579710146,0.10144927536231885,0.057971014492753624,0.028985507246376812,0.08695652173913043,0.043478260869565216,1.0,0.007246376811594203,0.0,0.0,137.82843231602328,2.297140538600388,0.2,0.046,0.754,0.9782,audio_727.wav,4.5,0.35620900879808565,-0.2587037212568842,-0.29053897924436356,0.29925684717842194,-0.16915326717056453,0.07820680995948052,0.003935227727748083,0.030879125627336544,0.02151408839639612,0.041139269791360386,-0.03353731474017851,-0.01749121205183358,0.04222691708223506,0.062195871883903533,-0.016140142683782083
201.0,29.0,25.0,0.8620689655172413,4.642383454426297,6.928816641642902,5.793103448275862,2.820849839478284,0.41379310344827586,2.0,14.5,3.5,53.0,1.8275862068965518,37.50370689655173,11.630517241379316,15.455172413793106,15.758620689655174,13.917586206896551,9.800527586206897,0.3793103448275862,0.1724137931034483,0.06896551724137931,0.034482758620689655,0.034482758620689655,0.10344827586206896,0.034482758620689655,0.034482758620689655,0.034482758620689655,0.10344827586206896,0.0,0.0,0.0,0.0,28.963945921483152,0.4827324320247192,0.307,0.0,0.693,0.8779,audio_643.wav,4.0,0.1934255200302744,0.5211839913692086,-0.03956821434899968,0.16287409726597873,0.007469833403243148,0.043451272183655194,-0.08502810266750341,-0.09679139553308767,0.006856278918383779,-0.06285882000565136,0.06941123974028433,-0.06487896775696757,-0.1169952274718711,0.024698721824004042,-0.03486965461641221
538.0,93.0,66.0,0.7096774193548387,6.843881185220807,9.06920145988179,4.67741935483871,2.6280590586094843,0.24731182795698925,7.0,13.285714285714286,9.361231385946216,146.0,1.5698924731182795,59.238478260869584,8.261801242236025,9.170186335403727,9.371739130434783,8.025885093167702,8.407516149068323,0.20430107526881722,0.1827956989247312,0.10752688172043011,0.08602150537634409,0.12903225806451613,0.11827956989247312,0.021505376344086023,0.0,0.021505376344086023,0.12903225806451613,0.0,0.0,0.0,0.0,92.96901032989004,1.5494835054981673,0.189,0.055,0.756,0.9299,audio_261.wav,3.0,0.2803558710288069,-0.06948311011809409,-0.03680198194458319,-0.20202251958901532,-0.05915654474638125,-0.05540789949647149,-0.011294488221209452,0.026724175487561883,-0.12952684169050113,-0.0211863066231546,0.05633628204943212,0.058309777797231,-0.12565248861565195,0.12674605090028165,0.07611309227220925
533.0,121.0,55.0,0.45454545454545453,5.0,11.103177361786061,3.2975206611570247,1.7183724189576233,0.05785123966942149,14.0,8.642857142857142,1.836422876026063,147.0,1.2148760330578512,94.50000000000001,2.2078571428571436,4.761904761904762,0.03166666666666629,-0.8947857142857139,5.377476190476191,0.24793388429752067,0.19834710743801653,0.05785123966942149,0.05785123966942149,0.024793388429752067,0.1652892561983471,0.024793388429752067,0.0,0.0,0.09917355371900827,6.0,0.049586776859504134,0.0,0.0,120.8494417371691,2.0141573622861517,0.237,0.0,0.763,0.986,audio_205.wav,4.0,0.3175208007906179,0.0035976717005492083,0.04166083621726962,-0.40115173510209007,-0.16260181861778691,-0.010381211317813034,-0.21761669353483348,-0.024689688719785448,-0.1619996232711407,-0.028815241449752352,-0.15275487296043658,-0.034150404944533766,0.08573480570013463,-0.14186211722673817,-0.07978894645509395
634.0,115.0,80.0,0.6956521739130435,7.46003846592251,9.328277782279178,4.434782608695652,2.421391747780454,0.23478260869565218,9.0,12.777777777777779,3.705184889007348,169.0,1.4695652173913043,66.54853174603178,7.068690476190479,8.906349206349207,8.232142857142858,6.786240079365076,8.906155158730158,0.2782608695652174,0.1565217391304348,0.10434782608695652,0.034782608695652174,0.0782608695652174,0.09565217391304348,0.0782608695652174,0.017391304347826087,0.008695652173913044,0.11304347826086956,1.0,0.008695652173913044,0.0,0.0,153.12916111850865,2.5521526853084775,0.355,0.038,0.607,0.9934,audio_128.wav,2.0,0.2106445533851101,-0.010461883792111812,-0.03230339709537508,-0.1235927626224744,-0.01885059737327032,0.001602901027625368,-0.0074674434863213155,-0.0120995580038825,0.25649505072444573,0.015383726064210547,0.01672472355206351,0.06485228017374033,-0.11371059382656334,-0.19201374012187444,0.024449215722595032
670.0,142.0,72.0,0.5070422535211268,6.042105779736161,10.750504001845108,3.6549295774647885,1.986027866164398,0.11971830985915492,6.0,23.666666666666668,13.523641850067197,174.0,1.2253521126760563,77.41867505995206,8.216223021582735,10.705515587529977,4.578417266187053,8.18009592326139,6.035135011990407,0.16901408450704225,0.22535211267605634,0.11971830985915492,0.09859154929577464,0.09154929577464789,0.09154929577464789,0.035211267605633804,0.028169014084507043,0.11971830985915492,0.056338028169014086,2.0,0.014084507042253521,0.0,0.0,139.5927520723359,2.3265458678722655,0.077,0.012,0.912,0.8609,audio_650.wav,5.0,0.3480220990952494,-0.21520155705388638,-0.2590584685400304,0.23003972970830902,-0.04841629226416488,0.007529753436648776,-0.0171536499995059,-0.0399645193994825,-0.20132987251643925,0.12513434034505333,-0.07246540402487409,-0.04008831906123425,-0.1005969749683551,-0.0586582903635578,-0.048343676102061355
529.0,114.0,58.0,0.5087719298245614,5.432197707173825,10.545524971902154,3.5701754385964914,1.858924883799037,0.10526315789473684,4.0,28.5,10.5,140.0,1.2280701754385965,74.01276315789474,10.01622807017544,12.101754385964913,3.9701754385964882,10.007368421052632,6.158170175438596,0.24561403508771928,0.21052631578947367,0.03508771929824561,0.06140350877192982,0.10526315789473684,0.16666666666666666,0.02631578947368421,0.0,0.07017543859649122,0.06140350877192982,0.0,0.0,0.0,0.0,151.79760319573901,2.5299600532623168,0.014,0.072,0.913,-0.714,audio_35.wav,2.0,0.2521716263393972,-0.13096454904465385,-0.1194599245603859,0.054941225738371256,0.10272738148525999,0.20149249214220527,0.07833852081293054,0.0209290742032231,-0.21513614079714732,0.027317508155456367,-0.021496729458931173,-0.06931983544605483,-0.03803209173355127,-0.23903062817926884,-0.009913110565200427
401.0,83.0,62.0,0.7469879518072289,6.805384119360801,8.78271914666057,3.710843373493976,1.8532298115733739,0.0963855421686747,5.0,16.6,7.709734106958553,98.0,1.180722891566265,90.096843373494,4.816530120481929,7.121927710843375,3.939759036144576,4.9722891566265055,6.362269638554217,0.2289156626506024,0.18072289156626506,0.0963855421686747,0.07228915662650602,0.13253012048192772,0.12048192771084337,0.03614457831325301,0.012048192771084338,0.03614457831325301,0.12048192771084337,1.0,0.012048192771084338,0.0,0.0,82.88948069241012,1.381491344873502,0.233,0.018,0.749,0.97,audio_141.wav,3.0,0.3815104791120983,-0.22034169331350106,-0.3089384690106967,0.31809381609457865,-0.14412517958328022,0.08817138156299781,-0.07661381214864568,0.022016514674217866,-0.15109217846926426,0.010112890808706665,0.004397504729560769,0.038036269444518364,-0.03555804973694788,0.028103101015610078,0.09776893832311954
492.0,88.0,61.0,0.6931818181818182,6.502621848846118,9.094911964830917,4.454545454545454,2.2151805329111283,0.1590909090909091,8.0,11.0,5.873670062235365,127.0,1.4431818181818181,73.57681818181821,5.729545454545455,8.036363636363637,7.345454545454544,5.7467045454545485,8.488463636363637,0.3409090909090909,0.1590909090909091,0.06818181818181818,0.056818181818181816,0.0,0.07954545454545454,0.056818181818181816,0.011363636363636364,0.022727272727272728,0.10227272727272728,0.0,0.0,0.0,0.0,87.88282290279626,1.4647137150466045,0.167,0.04,0.793,0.9318,audio_260.wav,3.5,0.1705261387429462,-0.051947313343394697,0.19359083637415858,0.017366935392514306,-0.032234283547719185,-0.058053716731790786,0.0355543181344057,-0.014256558989115216,0.029847377847010192,0.026767514374385567,-0.014636711928626893,0.09271696274757647,0.04686105708249134,0.07854630849704342,-0.06005382019310521
794.0,149.0,83.0,0.5570469798657718,6.799624940308036,10.382095300300708,4.281879194630872,2.3914852785988576,0.16778523489932887,7.0,21.285714285714285,7.264675505766355,220.0,1.476510067114094,58.1855479452055,10.325107632093935,12.452446183953034,8.126027397260277,9.935489236790609,9.321493737769082,0.2684563758389262,0.15436241610738255,0.09395973154362416,0.040268456375838924,0.053691275167785234,0.1342281879194631,0.03355704697986577,0.013422818791946308,0.013422818791946308,0.08053691275167785,2.0,0.013422818791946308,0.0,0.0,148.97346410170687,2.482891068361781,0.135,0.0,0.865,0.9445,audio_722.wav,5.0,0.10427389681340156,0.0007084445622538385,-0.005950236582118849,-0.12613130235275571,-0.036315707170117964,-0.03952455289037699,-0.033783287713218244,-0.043051107340126585,-0.08865094934775071,-0.05097401077110014,0.006645485313266222,0.026428677765211215,-0.022422305888874776,0.06623691514422034,-0.06495699787107984
454.0,105.0,47.0,0.44761904761904764,4.5867303428581065,11.023822466392334,3.1809523809523808,1.6947029652979217,0.0380952380952381,10.0,10.5,4.272001872658765,111.0,1.0571428571428572,99.27225000000001,1.7977500000000006,4.256666666666667,1.2958333333333343,0.9834375000000009,6.08641,0.18095238095238095,0.21904761904761905,0.09523809523809523,0.06666666666666667,0.13333333333333333,0.06666666666666667,0.09523809523809523,0.01904761904761905,0.0380952380952381,0.1523809523809524,3.0,0.02857142857142857,2.0,0.01904761904761905,107.464519650655,1.791075327510917,0.123,0.0,0.877,0.9161,audio_5047.wav,0.0,0.11762466285344181,-0.009467989915417167,-0.02848388189645802,-0.03944150051801813,-0.02328745119948796,-0.02004276497964735,0.06031965275021063,-0.002876598741011704,-0.022304398732992545,0.1395577995102705,-0.15409992150594162,0.027222350083193483,0.03300215512279156,0.06636702097422979,0.006739732354683312
635.0,115.0,77.0,0.6695652173913044,7.180287023450417,9.466686490109435,4.3826086956521735,2.212936701959843,0.1565217391304348,7.0,16.428571428571427,5.576920370269467,145.0,1.2608695652173914,78.48871559633028,6.180104849279164,8.43040629095675,9.11743119266055,9.127916120576668,8.320127260812583,0.24347826086956523,0.19130434782608696,0.0782608695652174,0.1391304347826087,0.034782608695652174,0.14782608695652175,0.02608695652173913,0.008695652173913044,0.043478260869565216,0.09565217391304348,3.0,0.02608695652173913,0.0,0.0,114.8570269300194,1.91428378216699,0.229,0.02,0.751,0.9781,audio_324.wav,5.0,0.2025085279267075,0.19783210622685232,0.033538289267899965,0.018451637560112463,0.05827364421622711,-0.02381820828989873,-0.004859903818392012,0.06000760721328237,-0.03482378886112249,-0.03202557131360576,0.009447662044045678,0.09852556495240526,0.05723921077847268,-0.08018717602365857,-0.09385620811117966
749.0,150.0,87.0,0.58,7.103520254071217,10.219704380290551,3.933333333333333,2.128118626601649,0.10666666666666667,9.0,16.666666666666668,11.479450238481709,186.0,1.24,82.59136225266366,5.769543378995433,7.858751902587518,5.813698630136987,6.166316590563163,7.2530400304414,0.17333333333333334,0.2,0.1,0.11333333333333333,0.08666666666666667,0.06,0.04666666666666667,0.02,0.02,0.11333333333333333,1.0,0.006666666666666667,0.0,0.0,149.81351338698184,2.4968918897830306,0.091,0.015,0.894,0.9164,audio_279.wav,5.0,0.19855195482887314,-0.027684348653132577,0.033758172388389816,-0.22054799479874768,-0.14745809488087494,0.07495653244604969,-0.15160353010481717,-0.14443594101323112,-0.06566739555594275,0.06801202795661716,-0.05159846609049785,0.05693194249584191,0.06361606794087667,-0.013484934511559485,0.042376452629029664
537.0,98.0,51.0,0.5204081632653061,5.151777977216275,10.293302015505601,3.989795918367347,2.251960134670817,0.12244897959183673,7.0,14.0,6.8452277432633934,136.0,1.3877551020408163,82.92160377358492,5.455336927223719,8.321293800539085,5.1716981132075475,5.336900269541779,7.962680053908356,0.30612244897959184,0.17346938775510204,0.08163265306122448,0.030612244897959183,0.07142857142857142,0.1326530612244898,0.07142857142857142,0.0,0.14285714285714285,0.030612244897959183,0.0,0.0,1.0,0.01020408163265306,118.49747021504116,1.9749578369173528,0.213,0.034,0.753,0.9776,audio_450.wav,3.0,0.2966405599193789,-0.25935447549854485,-0.2922040781752741,0.3541426230610959,-0.168844234295683,0.08147738856619702,-0.095557216381988,0.004381308566665618,-0.08078353327514605,-0.09546254031830752,0.09746459859824243,-0.03577678366802968,-0.05500326834733977,0.008771639552051765,-0.059155061182272796
554.0,113.0,69.0,0.6106194690265486,6.490973991846821,9.797465569455456,3.831858407079646,1.959332805293258,0.10619469026548672,3.0,37.666666666666664,9.285592184789412,145.0,1.2831858407079646,58.7664864864865,14.254414414414416,16.601801801801802,6.025225225225224,15.910000000000004,7.889988288288288,0.23008849557522124,0.21238938053097345,0.05309734513274336,0.07079646017699115,0.08849557522123894,0.1415929203539823,0.017699115044247787,0.0,0.09734513274336283,0.061946902654867256,0.0,0.0,1.0,0.008849557522123894,157.16272600834492,2.619378766805749,0.139,0.044,0.816,0.8999,audio_32.wav,2.5,0.2507560124310409,0.25196765923010206,-0.07405498937934207,0.0290667244566903,-0.02394472741168375,-0.0012114020397023246,0.08649428233934948,0.08697662713599398,0.20946561382646026,0.04588780871371995,0.0368935056421923,0.23425887168249274,0.08626263541246039,-0.036488763598133044,-0.11781017328500482
344.0,59.0,44.0,0.7457627118644068,5.728312083156251,8.387877359560445,4.728813559322034,2.509848455649189,0.2033898305084746,1.0,59.0,0.0,86.0,1.4576271186440677,22.523620689655175,24.526551724137935,26.648275862068967,11.5896551724138,30.876379310344824,11.141403448275861,0.3220338983050847,0.1864406779661017,0.0,0.01694915254237288,0.0847457627118644,0.1016949152542373,0.0847457627118644,0.01694915254237288,0.06779661016949153,0.0847457627118644,1.0,0.01694915254237288,0.0,0.0,58.921438082556584,0.9820239680426098,0.137,0.0,0.863,0.8271,audio_254.wav,3.5,0.15488826591445456,-0.04180563756221062,0.32696169143398895,0.10022240850597264,-0.0312407883974624,-0.053621674481828356,0.015408744236010182,-0.04051156659118525,0.006737368625743297,0.02664937551907565,-0.003981690898749108,-0.02140577482734131,-0.03645590978409571,0.0015942442589740508,0.0004114204853102952
446.0,93.0,43.0,0.46236559139784944,4.458892287340829,10.73498883899709,3.763440860215054,1.7376157776069219,0.021505376344086023,4.0,23.25,13.863170633011771,123.0,1.3225806451612903,69.39429945054945,9.231950549450552,10.858241758241759,5.206593406593409,8.370934065934065,7.194130769230769,0.25806451612903225,0.21505376344086022,0.021505376344086023,0.03225806451612903,0.043010752688172046,0.07526881720430108,0.0967741935483871,0.0,0.06451612903225806,0.0967741935483871,1.0,0.010752688172043012,0.0,0.0,92.88437829992873,1.5480729716654789,0.026,0.06,0.914,-0.5122,audio_544.wav,2.0,0.11272273643321845,-0.011190710916060734,-0.03292708422736402,-0.14467088549566276,-0.014434454265524255,-0.20218771262563007,0.21651645336465353,0.24529121206857454,-0.030952644854702033,-0.08286398366929798,0.061600157824705,-0.30065328844939054,-0.008628279522333696,-0.04748077964946889,-0.05575143442192533
